NEIGHBORHOOD_NAME,2000_TOTAL_CRIME,2001_TOTAL_CRIME,2002_TOTAL_CRIME,2003_TOTAL_CRIME,2004_TOTAL_CRIME,2005_TOTAL_CRIME,2006_TOTAL_CRIME,2007_TOTAL_CRIME,2008_TOTAL_CRIME,2009_TOTAL_CRIME,2010_TOTAL_CRIME,2011_TOTAL_CRIME,2012_TOTAL_CRIME,2013_TOTAL_CRIME,2014_TOTAL_CRIME,2015_TOTAL_CRIME,2016_TOTAL_CRIME,2017_TOTAL_CRIME,2018_TOTAL_CRIME,2019_TOTAL_CRIME,2020_TOTAL_CRIME,MEAN_TOTAL_CRIME,2000_AVERAGE_HOUSE_PRICE,2001_AVERAGE_HOUSE_PRICE,2002_AVERAGE_HOUSE_PRICE,2003_AVERAGE_HOUSE_PRICE,2004_AVERAGE_HOUSE_PRICE,2005_AVERAGE_HOUSE_PRICE,2006_AVERAGE_HOUSE_PRICE,2007_AVERAGE_HOUSE_PRICE,2008_AVERAGE_HOUSE_PRICE,2009_AVERAGE_HOUSE_PRICE,2010_AVERAGE_HOUSE_PRICE,2011_AVERAGE_HOUSE_PRICE,2012_AVERAGE_HOUSE_PRICE,2013_AVERAGE_HOUSE_PRICE,2014_AVERAGE_HOUSE_PRICE,2015_AVERAGE_HOUSE_PRICE,2016_AVERAGE_HOUSE_PRICE,2017_AVERAGE_HOUSE_PRICE,2018_AVERAGE_HOUSE_PRICE,2019_AVERAGE_HOUSE_PRICE,2020_AVERAGE_HOUSE_PRICE,MEAN_TOTAL_HOUSE_PRICE
BEAUFONT,81,73,84,99,114,72,129,119,98,73,95,72,87,107,59,80,82,109,82,86,80,89.57142857142857,91484,93484,95124,105911,118208,128152,145227,162598,156474,143748,129220,119188,116402,113647,110738,115794,133430,136345,149896,161228,179741,128859.0
BELLEMEADE,846,770,700,681,659,650,793,760,765,671,632,569,597,658,562,613,620,676,685,644,484,668.3333333333334,60970,55926,56010,58908,64114,75966,86441,93773,97523,86433,73785,62111,60356,61080,65558,59610,58628,65129,79389,93220,110851,72656.23809523809
BELLEVUE,236,160,155,173,124,122,135,100,122,113,106,107,174,186,148,150,138,115,110,139,143,140.76190476190476,142984,150168,168434,188995,204858,231872,258154,265466,259927,248313,242895,231106,237716,251652,257725,266497,282936,300601,320885,335723,356034,247759.09523809524
BELMONT WOODS,28,27,24,12,31,27,53,41,27,32,32,17,16,17,34,26,22,25,21,15,16,25.857142857142858,119901,124785,114005,116552,129396,146381,161716,177880,171388,155691,149921,129310,124702,122213,130302,136354,142739,150620,168113,177865,199649,145213.47619047618
BELT CENTER,715,756,550,569,446,417,452,420,468,455,417,385,410,426,483,438,505,488,570,565,465,495.23809523809524,75425,74534,69809,81294,84963,93582,107376,112658,115988,105844,106461,81137,85432,76923,81764,82464,77722,88260,97496,113206,142836,93103.52380952382
BLACKWELL,928,845,771,674,521,609,674,706,592,605,567,551,596,502,548,480,457,462,469,607,514,603.7142857142857,146175,121118,95452,104192,113404,129438,163435,184380,187407,167726,143566,121575,107987,111092,107256,110014,119905,135720,145754,153440,163934,134903.33333333334
BRAUERS,101,133,140,148,122,137,105,130,167,135,167,127,119,127,115,103,129,105,145,167,120,130.57142857142858,81704,69617,66615,65979,62671,70605,73469,82266,81230,67891,68340,64991,66979,64870,68617,68854,67190,77713,96162,123037,143076,77708.38095238095
BRITISH CAMP FARMS,301,372,313,255,270,255,328,291,275,278,255,245,225,217,260,264,299,333,298,236,222,275.8095238095238,73171,76084,74719,83682,88989,101778,118232,129646,127678,118991,112177,93140,72125,79312,86868,98214,102471,117223,128690,140464,155816,103784.28571428571
BROAD ROCK,582,486,462,515,414,432,421,518,488,444,468,446,356,351,365,373,359,393,499,503,425,442.85714285714283,69715,71349,66380,63106,73900,93593,106207,114066,109538,96131,75885,67008,53433,56496,61900,58049,66123,69797,89001,99296,121304,80108.42857142857
BROAD ROCK INDUSTRIAL PARK,73,72,46,61,41,51,61,57,54,56,63,59,57,54,34,51,58,43,56,47,40,54.0,0,0,0,0,0,0,0,52058,83111,78364,71161,57863,51353,58265,69345,70467,73394,81317,97398,115533,129931,51883.80952380953
BROOKBURY,35,23,20,20,28,39,27,37,27,38,55,43,23,21,11,36,37,25,46,21,22,30.19047619047619,173817,178477,160053,169693,183557,231257,255485,268993,255937,233063,218035,192389,164901,164274,172389,172512,187176,205996,232407,241001,258412,205705.90476190476
BROOKHAVEN FARMS,2,36,53,63,100,105,96,129,101,106,67,74,86,74,70,72,92,71,49,68,51,74.52380952380952,75260,78396,81355,89796,97362,105893,124830,133794,126090,118818,113388,98958,92637,102908,109877,117808,127616,129404,135892,143376,154744,112295.33333333333
BROOKLAND PARK,397,384,425,427,350,412,438,396,374,406,383,472,426,409,423,337,354,323,299,252,187,374.95238095238096,52414,54218,53950,55281,63473,73551,84422,98541,106891,93700,88713,82624,75294,81378,87075,90926,109523,150918,197511,233423,270604,104972.85714285714
BYRD PARK,188,178,241,188,166,179,183,196,203,149,145,149,141,162,151,118,113,151,115,105,73,156.85714285714286,104488,119087,138436,160518,179923,201344,223144,242006,238244,220505,221215,209627,213317,229852,240011,249245,265806,282317,312748,332681,365342,226183.61904761905
CARILLON,78,83,95,68,44,66,47,55,53,80,69,48,58,82,75,58,60,70,50,60,37,63.61904761904762,150299,160182,181254,200643,222219,245595,275937,290751,276848,264603,257630,245287,248578,262719,267542,271239,284268,308392,328401,361139,390775,261633.38095238095
CARVER,341,316,390,443,411,476,430,638,630,595,511,521,597,645,550,639,526,498,460,466,408,499.57142857142856,112023,103439,85346,104789,134409,147304,175594,203083,192118,186346,175392,157113,154667,162095,167651,174186,187870,197729,225693,247122,258816,169180.2380952381
CARYTOWN,476,543,640,471,411,444,384,353,344,417,381,400,377,396,366,328,382,385,369,352,281,404.76190476190476,89201,100232,121131,145350,161508,192542,219213,231990,226152,216494,210685,202834,204574,224212,230675,246090,266487,287389,312731,322981,343004,216927.38095238095
CEDARHURST,228,210,182,250,201,198,244,261,183,220,223,184,186,202,207,170,204,208,209,226,186,208.66666666666666,99145,103587,116211,133130,145549,164552,186463,202304,191767,182287,175947,161856,148982,160166,166095,170535,178949,196141,212780,226384,241476,169728.85714285713
CENTRAL OFFICE,169,135,131,151,95,115,115,144,114,150,119,139,100,110,116,168,170,165,133,130,116,132.61904761904762,181392,162006,151799,157014,182084,258691,300793,304328,286014,269807,254325,240886,237295,250972,248136,253672,248907,253537,263957,264874,264888,239779.85714285713
CHAMBERLAYNE INDUSTRIAL CENTER,345,335,384,254,294,316,260,262,248,261,212,235,276,324,264,351,417,357,352,370,283,304.76190476190476,0,0,0,0,0,0,0,0,0,0,0,0,0,54205,108526,113505,107187,101733,132687,172372,210082,47633.19047619047
CHERRY GARDENS,22,19,12,12,19,17,27,24,21,16,26,20,10,13,26,10,18,34,28,22,18,19.714285714285715,84078,87985,87686,98797,104824,115467,140749,161236,161969,155726,151008,129376,118186,117907,122686,114505,122670,134498,143696,152113,167941,127290.61904761905
CHIMBORAZO,325,362,393,357,246,225,210,181,232,163,187,197,163,151,192,148,165,151,176,117,143,213.52380952380952,111833,122858,116077,116631,126289,148583,179403,195754,194527,170813,163849,156669,149420,158863,165367,179500,205663,230883,254964,268619,277136,175890.52380952382
CHIPPENHAM FOREST,440,488,477,444,426,417,374,397,345,402,330,320,268,312,337,385,391,387,360,343,241,375.42857142857144,126597,138104,140224,163500,181626,207604,236156,237243,226368,223937,214542,195694,198389,213574,213494,218084,226070,233714,245383,265700,282918,208996.2380952381
CHURCH HILL,593,606,575,625,486,419,485,395,352,338,301,303,330,248,265,263,255,297,264,278,254,377.7142857142857,157062,147762,162856,185556,198668,234338,266700,280136,262604,235140,228737,215394,210263,223706,231048,256620,280420,299113,320999,334904,345075,241766.7142857143
CHURCH HILL NORTH,817,826,680,641,572,504,537,514,498,465,396,452,433,380,450,465,436,460,486,492,455,521.8571428571429,79009,78184,88943,100613,125025,155478,173854,190194,186571,172499,155136,144334,143037,137796,128071,134121,144536,163804,189362,210120,233230,149234.14285714287
CITY CENTER,660,500,533,505,366,487,423,469,503,694,712,686,655,533,449,441,510,481,439,497,387,520.4761904761905,0,0,0,130032,200480,265487,340411,352460,347567,343440,322104,292429,240134,216166,203176,212441,212676,216434,229657,237234,238176,219071.61904761905
COFER,142,156,153,189,118,121,134,141,123,111,91,88,91,98,88,150,135,133,152,116,119,126.14285714285714,61552,62993,67837,72054,76842,84410,90636,104512,103978,92698,83204,70010,61023,54192,62628,59934,67005,75910,91679,104575,119858,79406.19047619047
COLONIAL PLACE,111,96,89,93,81,108,93,73,83,80,59,60,90,49,65,69,88,82,74,62,42,78.42857142857143,179701,192836,212097,235754,259700,289678,310602,321002,311857,298932,292121,287376,291229,309154,312392,325137,341923,360492,384228,409756,429042,302619.4761904762
COTTRELL FARMS,79,114,117,76,71,117,92,91,102,92,114,72,62,72,88,78,99,89,116,89,105,92.14285714285714,90320,95789,101056,107139,115290,132844,154578,165491,157680,144700,135840,115375,99030,97911,94592,103079,116817,128009,138836,150311,163874,124217.19047619047
COUNTRY CLUB OF VIRGINIA,9,10,10,9,5,7,1,7,6,5,3,2,12,10,5,6,5,7,12,7,5,6.809523809523809,439787,498481,575606,610945,666598,775405,810634,838686,807411,773723,743448,729502,729797,765924,777928,807195,867433,878159,918819,958703,1021539,761701.0952380953
CREIGHTON,563,569,500,420,474,622,568,651,541,561,477,382,456,353,371,400,464,516,502,406,319,481.6666666666667,458692,438719,386484,370787,342681,362168,359659,393931,376485,330899,334449,338861,225700,169047,157200,154446,150729,127736,118240,147267,136378,280026.5714285714
CULLENWOOD,38,64,34,36,50,49,62,39,36,43,43,40,39,29,54,34,43,33,31,24,33,40.666666666666664,76193,85107,86808,97101,100009,110981,126161,140913,146692,139504,133200,117182,112340,114060,111529,108581,120370,130938,143706,149548,162890,119705.38095238095
DAVEE GARDENS,100,93,117,92,114,115,62,108,124,98,112,97,77,71,68,78,63,55,66,65,66,87.66666666666667,83120,79964,87831,86051,94726,101876,108168,117245,113956,90685,59745,53723,49765,36008,40955,36662,50540,70287,80019,81039,110472,77754.14285714286
DEERBOURNE,137,148,136,120,77,99,83,72,84,57,62,75,47,78,57,98,91,68,86,62,63,85.71428571428571,122460,120442,133470,144818,144922,162436,188441,214058,203952,194749,188487,172114,168764,144774,144980,138873,132355,140034,134227,141628,152171,156578.80952380953
EASTVIEW,92,115,111,120,125,112,113,105,99,138,94,140,100,94,81,104,104,126,128,179,204,118.28571428571429,68660,68249,77785,87201,93115,109183,113776,123713,125148,102226,92292,73809,73953,62921,68541,69548,67897,72297,89160,100886,111755,88195.95238095238
EDGEWOOD,105,125,127,153,90,153,115,103,106,105,82,103,130,114,130,117,138,119,113,96,66,113.80952380952381,137023,137647,144686,157371,161750,183585,202146,225462,220349,192400,181583,165491,152425,122594,116960,122736,133250,148825,165197,185408,205282,164865.2380952381
FAIRFIELD,512,530,569,438,410,539,490,616,482,466,398,453,469,369,269,368,365,386,358,395,377,440.9047619047619,64556,56464,58253,62891,62737,77118,94327,120025,110002,106905,97844,82960,67693,56121,51348,50733,52835,55302,71312,99239,118308,76998.71428571429
FAIRMOUNT,732,894,1203,873,418,470,526,508,500,483,386,416,398,354,395,329,417,370,386,466,402,520.2857142857143,62494,57232,72377,77125,87029,104944,123498,146614,139746,125633,118368,98849,93768,93754,93788,102816,105421,136949,181656,199954,226324,116587.57142857143
FAWNBROOK,40,42,32,8,18,39,57,52,21,47,34,34,25,45,29,36,35,36,36,30,30,34.57142857142857,124307,131247,122020,123998,130338,146128,163184,177681,169952,158331,145829,129370,122427,116179,129082,138465,144390,154061,170997,178300,196621,146328.90476190476
FOREST HILL,157,156,215,158,148,113,96,93,84,78,114,87,80,59,57,93,99,102,93,111,66,107.57142857142857,152593,165766,179288,194596,214869,246259,275049,287086,280435,268518,261147,247649,245146,262855,269145,280010,301104,315662,338168,354716,384202,263060.14285714284
FOREST HILL TERRACE,202,169,168,213,165,103,115,104,105,113,133,106,86,97,58,112,107,116,88,111,70,121.0,109801,115384,126547,143292,163311,187664,210929,227901,220625,208509,206872,196288,190349,203969,208589,216639,230709,250742,268474,285620,298227,203354.33333333334
FOREST VIEW,141,97,124,150,125,111,136,113,111,117,131,114,107,89,89,81,97,115,114,112,99,113.0,75571,80778,80746,87963,100265,115653,140847,149822,143021,143792,135611,119194,106610,127303,125907,121377,126740,142203,154820,164259,178293,124798.80952380953
FULTON,800,803,808,843,773,919,804,890,731,737,675,637,570,635,601,632,638,659,808,758,539,726.6666666666666,84273,91855,94762,97677,108507,128146,144710,159428,165284,156413,147458,122359,96219,96882,105052,116738,118553,129542,143823,150422,164079,124865.80952380953
GILPIN,1166,1023,994,825,963,1101,1188,1723,1523,1490,1655,1338,1437,1168,954,947,1042,1022,1011,895,832,1157.0,0,0,0,0,0,0,0,0,0,0,0,0,0,0,0,0,0,0,58881,112904,182291,16860.761904761905
GINTER PARK,959,797,793,796,724,791,761,722,734,747,773,794,828,1072,889,890,808,812,697,618,607,791.047619047619,177360,188498,206580,231219,255014,288535,315653,332768,316170,297226,287628,270665,277100,300294,303092,309751,324448,344755,370552,384376,409187,294803.38095238095
GINTER PARK TERRACE,45,46,53,49,45,48,42,36,72,50,55,73,53,59,49,49,44,49,35,43,34,49.0,83618,83638,92130,101802,106434,122705,149972,162969,154218,130664,127842,119424,101842,113022,133599,145356,174977,218357,273972,257656,321228,151210.7142857143
GRAVEL HILL,129,100,76,81,69,134,165,152,174,149,132,103,126,164,162,137,155,146,139,128,96,129.38095238095238,109786,116866,131017,142512,155452,168260,194678,207844,193802,187613,182960,169692,166659,178204,172379,166786,181044,196556,210271,218923,236708,175619.61904761905
GREEN PARK,116,99,125,119,96,134,123,132,103,98,101,88,93,95,54,101,90,109,115,124,94,105.19047619047619,66864,67325,68180,95119,105566,114331,116498,125673,116436,111542,103578,102146,95783,91829,86137,81322,80477,97277,116358,128881,162035,101588.42857142857
HICKORY HILL,187,200,271,189,132,194,183,216,207,196,185,164,175,136,185,181,123,154,136,169,104,175.57142857142858,67693,67518,72387,74909,82377,92836,107461,115172,118950,108620,103413,82233,70624,68753,71232,74023,72746,82574,103890,116045,135715,89960.52380952382
HIGHLAND PARK SOUTHERN TIP,687,784,627,541,553,500,472,533,455,439,477,448,435,379,367,462,358,394,432,426,314,480.14285714285717,45713,47224,46501,53579,57481,68184,82351,89372,92477,83443,68439,58836,70208,83144,90254,97743,97054,117851,154408,167297,213337,89756.95238095238
HIGHLAND TERRACE,211,210,241,261,187,228,218,205,207,219,185,204,198,271,192,177,169,174,176,214,139,204.0952380952381,0,0,0,0,0,0,0,0,0,0,0,0,53184,66139,70498,66839,71223,96645,135258,154584,183380,42750.0
HOLLYWOOD CEMETERY,14,19,27,25,17,14,18,22,13,22,26,19,22,22,27,21,31,26,14,23,17,20.904761904761905,0,0,0,0,0,0,0,23003,272828,260725,253587,236706,240336,282652,272254,265167,290856,309230,335617,343038,356306,178205.0
HUGUENOT,88,97,91,105,90,56,80,90,86,78,85,102,83,86,73,93,86,88,96,56,74,84.9047619047619,188966,203503,218863,236226,256064,287052,316948,331652,318973,293086,274682,258557,251965,265463,265677,267693,283913,289970,307354,320752,333446,274800.2380952381
JACKSON WARD,841,609,667,610,517,656,601,639,660,707,764,908,888,685,684,626,625,647,629,669,519,673.8571428571429,90058,87868,108740,123348,149908,188449,211024,226593,223346,207603,199616,184106,176503,185714,194414,204414,213416,223190,244696,253219,264178,188590.61904761905
JAHNKE,381,373,352,441,404,322,428,453,394,466,414,380,401,388,404,380,371,387,417,463,401,400.95238095238096,97209,98608,108500,122396,132960,145057,179001,188566,185866,168766,152434,133322,123378,124692,140854,147089,162334,175402,184609,198290,205293,151172.66666666666
JEFF DAVIS,1364,1352,1320,1372,1185,1379,1304,1382,1352,1111,1044,967,932,836,891,1143,1213,1251,1224,1021,896,1168.5238095238096,72946,67018,70870,73611,88184,104922,112205,118557,124378,116740,101614,74914,67839,64818,71100,58763,67885,68397,74851,79136,94611,84445.66666666667
JOHN MARSHALL,328,372,375,327,292,337,316,292,288,342,368,306,304,321,315,275,230,217,223,183,150,293.3809523809524,0,0,0,0,0,0,0,0,0,0,0,0,0,0,0,0,0,0,102248,161421,177565,21011.14285714286
LABURNUM PARK,70,43,55,45,37,35,50,47,31,37,41,29,33,42,31,26,46,30,18,26,27,38.04761904761905,184131,188756,216359,237368,261029,310534,351576,357317,342865,343538,346066,343748,335715,339084,344664,350509,375399,405817,437725,455374,481318,333756.7619047619
MALVERN GARDENS,79,73,76,89,73,83,72,54,53,56,56,60,91,59,54,57,95,56,52,48,52,66.0952380952381,246857,269836,293065,320622,349522,396917,431777,444129,421277,397549,393842,388532,387214,406774,420356,433378,467207,491831,516501,543154,561253,408647.28571428574
MANCHESTER,292,251,267,227,213,183,208,177,162,166,138,168,163,155,170,246,225,296,298,254,268,215.57142857142858,70889,92809,108446,143039,154271,166931,184450,201643,208767,198064,189197,172828,167630,162420,164506,169029,181011,193385,211104,227478,241810,171890.80952380953
MARY MUNFORD,35,51,67,62,39,54,41,53,48,63,46,37,55,49,34,36,45,37,38,48,43,46.714285714285715,199194,213474,233344,260250,284411,321229,344636,359811,355582,337436,322738,312681,316165,337467,340846,357253,373793,391211,415929,440466,455838,332083.5238095238
MAYMONT,98,92,92,100,94,101,124,98,98,69,68,70,94,81,90,60,171,95,77,85,57,91.14285714285714,114429,113915,114719,122858,131008,133210,136912,150462,153782,148783,149468,138857,129990,145410,141943,145819,153644,170935,185623,195131,219709,147457.47619047618
MCGUIRE,269,313,298,284,229,219,262,313,314,265,219,228,207,226,228,265,230,282,315,253,246,260.23809523809524,63521,66123,71338,74816,84422,95250,109593,119400,117875,107350,104884,85458,72501,80623,84122,88421,99776,115238,126048,133839,160134,98130.09523809524
MCGUIRE MANOR,150,182,201,185,162,242,224,269,202,192,223,216,254,217,176,217,202,260,227,242,178,210.52380952380952,76878,78362,78711,80644,90864,100122,113098,122642,126897,118309,112250,89813,72768,76486,75136,78740,81932,91613,116277,122930,134300,97084.38095238095
MIDLOTHIAN,1103,902,911,1013,969,1044,975,935,882,826,843,724,725,741,914,883,955,1012,949,1145,923,922.5714285714286,72133,75091,78703,86353,94808,106655,124843,133641,125812,114786,108304,97336,91526,102205,107836,108290,118442,125716,136367,145698,162246,110323.38095238095
MONROE WARD,900,696,798,1701,997,1028,819,792,736,805,815,746,826,622,680,687,676,721,706,740,587,813.2380952380952,138386,128134,147250,181120,244505,259090,267207,284104,265770,245675,224399,202181,189943,206462,200485,196458,200478,200082,208546,207651,221924,210469.04761904763
MONUMENT AVENUE PARK,158,130,119,102,91,96,83,86,84,77,68,76,91,88,88,83,88,77,114,90,85,94.0,139073,149793,162094,179384,200945,226185,243606,257788,247482,237634,232385,222588,224060,232908,237970,250054,265672,288677,305597,322626,342931,236640.57142857142
MOSBY,719,801,621,583,678,654,660,703,764,644,743,588,584,549,454,470,618,605,551,593,600,627.7142857142857,36019,31310,38209,47659,46027,48726,53637,60939,61080,46539,49221,44906,48362,49764,54746,59809,65756,72206,104133,120417,123735,60152.380952380954
NEWTOWNE WEST,219,150,161,202,181,195,162,226,179,142,154,116,153,123,110,120,159,122,128,112,96,152.85714285714286,124964,116796,111052,105465,107958,112169,126416,146336,152025,149745,149609,143550,143582,153174,160985,169051,180105,191026,212838,243170,257884,155138.09523809524
NORTH HIGHLAND PARK,730,713,638,578,639,581,782,641,591,609,568,578,595,528,463,503,542,446,445,388,431,570.9047619047619,60763,58872,62383,69375,72642,79259,99020,107526,109879,96285,87918,79018,69115,66844,77670,70310,83456,97772,123746,162263,203830,92283.14285714286
NORTHERN BARTON HEIGHTS,968,1105,917,802,673,823,755,695,714,767,765,737,705,664,628,638,661,607,536,553,461,722.5714285714286,81925,82370,88520,101961,115150,131148,155836,173665,173526,151810,144456,130452,124709,138392,150209,162129,186088,206998,263811,270259,307249,159079.19047619047
NORTHROP,356,409,381,364,427,373,369,443,390,419,379,356,318,276,325,328,378,331,310,271,282,356.42857142857144,95708,100151,97234,104444,130695,148229,164079,171860,167004,153164,143411,125836,123165,126565,135519,135097,146034,167821,182481,204210,223117,145039.2380952381
OAK GROVE,542,532,567,517,453,469,570,593,571,485,575,484,542,409,448,362,394,490,551,499,357,495.7142857142857,0,0,28195,59260,68523,75471,94849,106216,107913,93910,89433,72387,64273,71682,86888,80157,69320,71616,80090,90627,113254,72574.47619047618
OAKWOOD,307,243,276,260,183,147,124,173,184,129,108,123,116,132,172,158,182,153,183,145,137,173.0952380952381,164916,165589,178760,181784,194616,183515,178468,166199,165905,151359,133516,121242,97369,85225,71064,81669,90988,91290,103465,140490,176556,139237.38095238095
OLD TOWN MANCHESTER,172,150,197,210,156,194,147,170,156,174,192,253,309,206,207,253,269,448,439,490,445,249.38095238095238,122956,139093,161511,199865,217466,303592,355573,345862,326691,306307,270842,246799,227828,234442,231615,247590,258663,283458,306332,321100,314808,258209.19047619047
OREGON HILL,133,159,162,127,139,151,143,177,179,213,247,188,201,149,156,158,120,118,134,120,104,156.0952380952381,113852,105669,120697,147486,178047,207896,235787,251167,242119,225384,217904,209238,203594,215812,216773,228896,243999,253575,274305,289369,299181,213369.04761904763
OXFORD,157,99,102,118,128,122,125,109,105,75,93,122,122,111,114,116,135,140,122,92,84,113.85714285714286,186737,194101,210020,231541,252523,275132,308372,321767,308431,288108,276657,256922,252454,266288,264478,261446,280958,290428,310665,327510,342875,271781.5714285714
PETER PAUL,128,148,154,168,125,127,141,147,126,146,135,143,141,123,163,109,179,191,242,371,164,160.52380952380952,52216,45885,47379,49600,51750,59107,69954,80786,71386,65147,68742,76042,72952,63740,49469,54049,52987,62936,83028,109083,120350,66980.38095238095
PINEY KNOLLS,476,567,533,474,406,396,436,530,446,440,453,423,399,351,444,425,370,366,333,347,297,424.3809523809524,147321,149036,150163,169236,172578,194165,225395,250708,240568,219833,206000,162012,117094,114391,99648,104464,112739,120336,129422,141436,153123,160936.57142857142
POCOSHOCK,69,37,49,35,40,36,57,50,45,41,36,36,68,40,51,37,39,34,21,35,42,42.76190476190476,59936,61541,64698,67006,72667,85735,97024,104960,109632,88809,90248,77790,76697,81723,86112,92564,100466,115389,123427,134152,150726,92442.95238095238
PROVIDENCE PARK,251,243,292,321,246,262,234,243,254,254,232,255,270,239,248,294,250,229,193,186,192,247.04761904761904,88790,85741,84524,84698,84560,92118,104890,116976,111404,91001,79101,62459,62051,60999,65627,60705,66272,75308,100922,129054,155698,88709.42857142857
RANDOLPH,409,471,416,383,303,339,347,425,407,362,395,317,362,362,365,372,326,392,315,324,245,363.6666666666667,73769,74520,82217,91343,104743,117818,137335,156999,162361,151155,148666,136064,133034,145367,148127,151306,165004,177030,194076,211956,232070,142617.14285714287
REEDY CREEK,170,245,184,180,169,206,184,175,227,192,166,156,221,168,118,128,172,125,169,158,114,172.71428571428572,72788,73170,73568,84099,101893,115803,132238,143344,139596,130892,123722,109393,108083,111652,124527,121546,138069,146289,167803,188645,211301,124686.71428571429
ROSEDALE,80,93,113,89,74,72,68,62,70,48,66,80,71,65,59,83,90,97,76,86,70,76.76190476190476,112389,127981,141964,159310,172894,195310,217752,226491,215151,199582,192617,179746,183259,203488,199493,210123,222964,245712,263187,268857,281226,200928.38095238095
SAUER'S GARDENS,349,286,265,261,245,280,197,156,162,149,155,133,132,178,151,140,130,154,145,156,139,188.71428571428572,175476,191022,210539,233087,257799,286980,314669,327964,309102,288808,288629,284294,284195,296861,302111,311212,336521,358021,378770,405326,423945,298349.09523809527
SCOTT'S ADDITION,428,351,365,366,301,267,241,294,303,257,297,298,280,282,234,253,293,281,253,259,250,293.0,215344,228101,239368,241977,238657,226915,248073,254493,237161,207107,201387,183354,182295,184381,189946,203217,238793,236802,271730,321934,359168,233819.19047619047
SHERWOOD PARK,81,73,93,62,53,53,79,53,51,57,54,46,40,64,56,52,52,71,44,58,67,59.95238095238095,151050,160952,175493,195819,214894,245420,267324,272874,265423,255722,250759,236092,239104,254236,258024,267674,280878,307492,329321,342747,373434,254511.04761904763
SHOCKOE BOTTOM,618,759,781,794,637,688,755,712,640,652,634,743,701,662,500,524,556,725,783,804,629,680.8095238095239,133572,124103,173231,227640,233897,285336,322226,330489,324592,311260,295168,282008,275685,290953,289767,289752,304304,318528,340102,345392,358393,278876.09523809527
SOUTH GARDEN,333,404,365,266,297,320,385,396,336,360,378,281,277,302,340,312,322,282,283,286,277,323.9047619047619,118731,122439,126915,138078,144527,160224,187491,204508,196493,174891,165442,121163,96032,96522,91841,100512,110054,119496,128048,140166,151526,137861.85714285713
SOUTHAMPTON,14,24,22,19,21,24,24,31,21,14,25,25,20,35,13,28,28,41,51,29,18,25.095238095238095,157709,167538,180460,198922,217802,246083,275878,291943,271457,252460,241483,223748,217318,232284,234402,243822,255569,270339,288934,306109,323482,242749.61904761905
SOUTHERN BARTON HEIGHTS,254,334,320,293,202,230,188,217,176,258,265,212,151,140,185,191,183,157,142,142,104,206.85714285714286,79317,82754,80110,87093,103263,132780,155455,164884,168354,154280,145725,135679,136314,130523,137772,141597,161189,179772,202172,222947,267536,146167.42857142858
STADIUM,40,34,51,43,20,27,35,41,30,23,43,22,37,29,30,20,11,34,14,21,21,29.80952380952381,70059,72467,77534,93906,109286,130273,157431,172659,167518,158555,156314,141706,151696,161514,164225,166261,184628,207659,229116,260658,282859,157920.19047619047
STONEWALL COURT,26,12,46,30,22,27,28,31,20,35,24,10,17,21,34,27,25,16,21,9,14,23.571428571428573,407023,437211,470206,508249,548457,608362,661314,702868,677528,637387,616150,609613,610386,648872,665030,683829,703805,736363,770408,807785,840807,635793.0
STONY POINT,32,12,16,58,69,81,69,90,64,78,80,82,72,72,70,59,95,60,95,70,40,64.95238095238095,229133,243392,270765,282460,313448,350564,371693,380298,365058,328868,320463,312383,302980,324706,331933,340468,349666,361950,368141,374417,389101,329137.4761904762
STRATFORD HILLS,191,171,204,161,141,161,187,199,153,163,177,183,120,138,99,119,135,146,153,123,153,156.04761904761904,146767,158649,172764,189149,207489,232498,258594,273338,260255,250745,239167,224260,215695,232233,234824,245068,259880,273476,289416,302676,323964,237662.2380952381
SWANSBORO,1009,918,851,795,639,659,631,649,690,701,709,578,580,522,524,542,495,541,696,665,498,661.5238095238095,88860,78084,66560,71707,78692,92214,107595,127245,128243,121820,111740,98022,98252,95791,94614,96112,107576,124371,139640,143868,162323,106349.0
SWANSBORO WEST,595,527,652,503,479,380,487,521,593,512,489,596,540,492,486,513,515,470,580,513,363,514.5714285714286,44736,47556,46733,49436,58482,72238,81093,93835,93176,85626,79312,66660,61078,59569,65199,64890,73364,81331,103418,131956,167027,77462.61904761905
SWANSON,260,252,320,291,276,274,221,233,211,202,185,193,268,234,253,238,253,201,218,195,192,236.66666666666666,104225,103348,106098,116830,126319,144499,167253,179042,172755,156940,147880,123525,112585,115761,118286,126609,133136,150139,160419,171374,184208,139106.2380952381
THE FAN,3145,3496,3124,2620,2234,2485,2264,2305,1949,1958,1784,1786,1870,1629,1573,1689,1581,1736,1752,1533,1368,2089.5714285714284,182038,205964,232209,260460,291018,329759,362160,381826,368158,345374,329122,321602,325518,352072,361787,375400,398726,423322,456708,480578,495304,346624.04761904763
THE MUSEUM DISTRICT,14,324,480,705,713,797,729,752,690,597,618,558,588,537,467,522,538,471,462,473,390,544.047619047619,160915,177585,204623,229180,257186,286845,308869,320485,310695,293345,285108,276785,285041,306324,312329,325949,348648,367651,392892,417523,434587,300122.14285714284
THREE CHOPT,139,136,186,203,112,160,158,151,152,166,116,132,136,107,128,111,131,123,104,93,79,134.42857142857142,188603,199666,218089,238662,263626,298591,323278,338726,325098,304294,296801,289544,289462,313103,319243,329835,349546,369754,386453,412057,429468,308757.09523809527
UNION HILL,446,364,366,389,340,361,420,429,393,462,420,391,357,282,351,310,319,429,427,448,409,386.3333333333333,0,0,0,45091,113692,135878,147512,173852,190222,178360,170630,157830,160141,165132,164688,176293,202337,226690,254296,268082,276724,152735.7142857143
VCU,437,399,357,369,279,352,319,356,330,319,323,338,329,261,272,238,234,215,211,197,202,301.76190476190476,161754,170814,188608,202452,234922,287480,305630,323158,308944,286579,265507,250882,240605,258740,260737,279550,295037,309509,327332,338134,350792,268912.6666666667
VIRGINIA UNION,395,376,475,431,370,356,380,282,264,257,254,271,333,353,300,303,361,408,390,437,330,348.85714285714283,69397,65516,67050,76185,88002,106111,122870,131766,130364,119804,112991,103137,103097,114448,119408,125537,143103,162906,216346,230008,264086,127244.38095238095
WALMSLEY,238,317,287,244,241,220,276,243,196,244,226,202,155,155,168,253,195,179,210,250,175,222.57142857142858,115977,120942,124905,140010,154264,171398,195144,217421,208598,192401,175977,140119,122163,121930,123531,125205,127554,125302,136936,142019,148446,149059.14285714287
WARWICK,95,73,84,81,78,78,112,86,99,76,70,67,66,65,75,70,75,89,52,63,58,76.76190476190476,0,0,0,0,0,0,0,0,0,0,0,56437,133868,125861,106559,106680,115744,128630,139224,147506,158102,58029.09523809524
WASHINGTON PARK,211,228,185,194,154,198,159,137,157,100,147,152,170,184,164,236,208,198,191,133,131,173.1904761904762,266109,267797,295371,290637,290602,240531,261444,297171,273018,223150,201348,168191,149510,153342,138498,139480,128854,121878,117859,124787,154704,204965.7619047619
WESTHAMPTON,119,128,100,91,90,106,80,81,69,91,107,69,85,55,83,71,82,62,65,67,35,82.66666666666667,208186,232076,251421,274207,300886,340924,371791,387798,377194,354248,346188,337577,338173,366598,374954,383540,405011,433467,454518,480761,504011,358263.28571428574
WESTLAKE HILLS,49,44,31,46,44,63,71,52,63,41,38,38,32,35,37,61,50,48,64,63,43,48.23809523809524,102701,106645,119415,133944,148273,165151,183049,196966,187021,177059,174467,163522,158004,171488,170377,169307,184841,200237,214561,227498,243225,171321.47619047618
WESTOVER,279,296,283,290,327,267,375,307,305,291,328,237,255,251,218,243,284,262,308,298,286,285.23809523809524,77678,77462,82381,92365,104657,117797,139384,151933,147081,141687,134396,119993,103171,112901,115977,120337,130576,136183,159854,174760,188798,125208.14285714286
WESTOVER HILLS,73,64,84,94,104,40,56,56,51,54,48,43,38,67,79,72,73,68,63,71,55,64.42857142857143,181358,192849,216559,239301,267368,301164,328477,341162,333630,311202,301855,290483,285080,311405,317691,326567,345126,358091,383129,404006,429331,307896.85714285716
WESTOVER HILLS WEST,26,11,24,24,12,7,24,24,27,17,25,22,14,12,18,14,30,18,15,11,21,18.857142857142858,137486,148096,162404,179411,191677,212376,240180,255426,246763,227813,221524,208962,204661,223328,237632,243135,259678,274076,288068,304406,323452,228121.61904761905
WILLOW LAWN,64,35,40,63,33,43,45,29,41,35,43,28,41,31,48,31,46,43,50,38,25,40.57142857142857,167236,183758,194756,215246,244882,275003,289460,301687,284192,267748,266713,259703,261182,277440,281559,292166,314775,333232,348917,368780,389005,277020.95238095237
WILLOW OAKS,23,30,27,17,27,25,26,38,15,22,27,19,25,18,15,26,19,17,13,17,8,21.61904761904762,162162,183996,199931,211972,234908,247660,280434,297715,285374,276480,267114,252197,246225,265312,266880,276969,296540,314239,331303,344812,366146,267065.1904761905
WILTON,9,18,38,14,18,16,25,25,19,8,15,17,7,16,19,30,18,27,26,18,20,19.19047619047619,570571,607815,669544,725098,791598,893282,965118,1022279,1003246,927537,895019,872691,873692,937920,943334,954612,1003541,1040690,1082789,1137382,1190197,909902.619047619
WINDSOR FARMS,44,42,90,26,35,33,30,47,43,22,18,26,34,73,36,16,32,39,38,27,31,37.23809523809524,568122,609052,657040,704257,765069,839262,910285,962813,936412,867988,837668,813647,823875,881713,883240,888073,925445,953437,994608,1050626,1098946,855789.4285714285
WOODHAVEN,122,165,140,127,161,187,195,243,169,200,171,179,187,158,144,144,135,111,103,131,126,157.04761904761904,75706,74991,80850,88639,93114,105209,120844,130317,125940,121269,114064,93191,86105,98527,90518,99146,107985,114328,125116,129594,155251,106224.0
WOODLAND HEIGHTS,379,552,541,376,342,332,338,282,233,233,315,286,224,231,230,326,329,337,289,284,221,318.0952380952381,117137,121617,131857,155537,174319,197818,225102,246977,238960,229058,222521,212066,206450,217644,217463,236378,249152,269610,288871,307341,331597,218927.38095238095
WOODVILLE,142,131,166,148,144,132,148,145,142,175,161,138,95,108,114,100,119,160,145,160,139,138.66666666666666,138552,134722,136194,133414,117947,121768,143154,160735,145904,119058,105910,99448,100255,85785,76264,82503,78151,83901,97534,125285,144709,115771.09523809524
WORTHINGTON,83,75,68,62,88,67,92,93,102,103,92,89,94,75,101,74,84,55,78,82,48,81.19047619047619,85378,87509,88977,99202,106933,120010,138655,149704,139007,125960,114525,103285,93232,96931,106930,114749,123371,129336,141223,150958,163726,118076.23809523809
