Zipcode,Population,Median Age,Household Income,Per Capita Income,Poverty Count,Poverty Rate
23102,3342.0,43.7,92346.0,32064.0,35.0,1.0472770795930582
23106,1270.0,31.2,45125.0,16816.0,497.0,39.13385826771653
23112,50595.0,35.1,80830.0,33038.0,2006.0,3.964818657970155
23153,1073.0,54.2,76964.0,63814.0,21.0,1.95712954333644
23161,62.0,66.3,52143.0,47961.0,0.0,0.0
23181,5618.0,39.7,63288.0,26601.0,409.0,7.280170879316483
23919,2551.0,56.0,37880.0,23450.0,364.0,14.268914151313211
23922,2404.0,46.2,36736.0,13147.0,398.0,16.555740432612314
23952,168.0,50.9,44063.0,22986.0,52.0,30.952380952380953
23966,1886.0,46.3,30739.0,20898.0,697.0,36.95652173913044
23968,776.0,55.1,27250.0,17871.0,129.0,16.623711340206185
23021,347.0,53.8,85990.0,32915.0,0.0,0.0
23043,1386.0,58.0,42639.0,32648.0,80.0,5.772005772005772
23047,1698.0,47.3,69833.0,30714.0,87.0,5.123674911660777
23072,12486.0,39.2,55852.0,27145.0,1523.0,12.197661380746435
23083,1176.0,51.3,49770.0,24365.0,105.0,8.928571428571429
23086,2705.0,45.0,55800.0,26269.0,319.0,11.792975970425138
23089,5015.0,40.2,70129.0,30892.0,820.0,16.350947158524427
23124,3436.0,39.4,69974.0,27519.0,173.0,5.034924330616996
23125,79.0,64.0,120284.0,39641.0,9.0,11.39240506329114
23138,385.0,54.0,65375.0,47075.0,24.0,6.233766233766234
23148,2051.0,41.7,55524.0,26017.0,210.0,10.238907849829351
23175,1540.0,56.4,43618.0,28127.0,157.0,10.194805194805195
23395,232.0,70.8,25511.0,21365.0,0.0,0.0
23407,419.0,39.7,44894.0,29660.0,88.0,21.002386634844868
23050,702.0,34.7,57656.0,28387.0,36.0,5.128205128205129
23023,234.0,55.4,43167.0,32900.0,0.0,0.0
23035,1388.0,40.2,47329.0,23122.0,85.0,6.123919308357348
23045,11.0,-666666666.0,-666666666.0,,0.0,0.0
23055,936.0,48.0,59648.0,21737.0,13.0,1.3888888888888888
23059,33940.0,38.0,104163.0,44947.0,1057.0,3.1143193871538006
23060,33848.0,39.1,79480.0,35837.0,2204.0,6.511463011108485
23076,821.0,50.6,51553.0,26198.0,0.0,0.0
23093,12997.0,41.0,50595.0,23843.0,1665.0,12.810648611217973
23126,234.0,55.8,83043.0,31949.0,5.0,2.1367521367521367
23128,1310.0,43.3,91875.0,32361.0,49.0,3.7404580152671754
23130,351.0,54.5,49444.0,21833.0,5.0,1.4245014245014245
23140,5694.0,44.1,66463.0,32257.0,447.0,7.8503688092729185
23168,6947.0,39.5,79375.0,30510.0,656.0,9.442925003598676
23180,592.0,42.7,48906.0,20395.0,70.0,11.824324324324325
23221,14702.0,33.8,56219.0,44838.0,1803.0,12.263637600326486
23056,417.0,56.7,63533.0,39500.0,0.0,0.0
23062,2271.0,39.9,61955.0,31726.0,121.0,5.328049317481286
23064,55.0,47.4,-666666666.0,19444.0,0.0,0.0
23085,421.0,45.4,39392.0,23281.0,0.0,0.0
23111,36754.0,39.8,67346.0,30480.0,1821.0,4.954562768678239
23117,9520.0,45.4,61477.0,31132.0,960.0,10.084033613445378
23119,215.0,65.2,29750.0,46507.0,0.0,0.0
23120,6193.0,39.1,118564.0,39253.0,76.0,1.2271919909575326
23139,23815.0,42.7,73868.0,33519.0,1284.0,5.391559941213521
23149,3135.0,47.8,46587.0,23980.0,567.0,18.086124401913874
22150,27551.0,36.9,86486.0,35789.0,2269.0,8.23563573010054
22152,29094.0,40.3,113351.0,47018.0,739.0,2.5400426204715747
22172,9111.0,33.0,62042.0,33484.0,884.0,9.702557348260344
22191,61863.0,30.9,79198.0,31401.0,6443.0,10.414949161857653
22204,49521.0,33.9,76052.0,39365.0,7070.0,14.276771470689203
22041,27018.0,37.3,73839.0,36327.0,3972.0,14.701310237619365
22046,16588.0,38.0,126711.0,57725.0,602.0,3.629129491198457
22066,19475.0,43.5,214219.0,89776.0,234.0,1.2015404364569962
22125,648.0,49.4,95446.0,61190.0,76.0,11.728395061728396
22193,74742.0,33.4,90378.0,32824.0,4755.0,6.361884884000963
22209,12036.0,31.5,93906.0,67605.0,1576.0,13.09405117979395
22213,3374.0,39.9,141458.0,67590.0,67.0,1.985773562537048
22305,15416.0,32.2,78220.0,45488.0,1719.0,11.150752464971458
22308,13188.0,43.7,163632.0,67237.0,211.0,1.599939338792842
22435,2578.0,43.2,44806.0,20584.0,266.0,10.318076027928626
22438,262.0,28.8,27679.0,23795.0,12.0,4.580152671755725
22511,1271.0,56.8,46000.0,29812.0,80.0,6.294256490952006
22027,2567.0,44.9,187768.0,61580.0,124.0,4.830541488118426
22151,17734.0,40.0,99527.0,39127.0,987.0,5.5655802413443105
22401,25931.0,28.8,47040.0,27222.0,4342.0,16.744437160155798
22482,3141.0,54.9,40864.0,27107.0,414.0,13.180515759312321
22504,162.0,58.7,38889.0,33275.0,0.0,0.0
22538,255.0,42.8,103021.0,33144.0,0.0,0.0
22539,2177.0,61.9,59881.0,35808.0,227.0,10.427193385392743
22723,143.0,18.3,-666666666.0,17749.0,0.0,0.0
22827,9403.0,45.8,44765.0,23099.0,1101.0,11.70902903328725
22843,2394.0,44.2,43160.0,22364.0,301.0,12.573099415204679
22938,1609.0,47.7,57199.0,24669.0,206.0,12.802983219390926
22026,15221.0,29.9,77264.0,29691.0,1857.0,12.200249655081794
22030,55490.0,33.9,102140.0,44418.0,3158.0,5.691115516309245
22101,30370.0,45.2,180540.0,88139.0,719.0,2.3674678959499507
22102,22146.0,40.2,112427.0,82461.0,824.0,3.7207622143953762
22181,15008.0,39.2,150929.0,62724.0,766.0,5.103944562899787
22182,26044.0,42.2,160631.0,68905.0,851.0,3.267547227768392
22201,34069.0,31.0,113683.0,75255.0,2037.0,5.97904253133347
22306,31996.0,35.0,61975.0,33122.0,4118.0,12.870358794849356
22311,18648.0,35.2,66319.0,37348.0,1788.0,9.588159588159588
22312,29836.0,34.2,76845.0,36048.0,3234.0,10.839254591768334
22405,29763.0,36.8,84528.0,35980.0,1674.0,5.624433020864832
22971,1652.0,43.0,47028.0,17832.0,248.0,15.012106537530267
22942,8368.0,44.0,56750.0,28926.0,970.0,11.591778202676863
22946,279.0,24.7,89583.0,29554.0,0.0,0.0
22949,1165.0,56.8,24939.0,41301.0,262.0,22.489270386266096
22989,123.0,45.5,-666666666.0,32944.0,0.0,0.0
22043,25910.0,35.6,103972.0,48915.0,1388.0,5.357005017367812
22180,23941.0,38.5,127205.0,53471.0,948.0,3.959734346936218
22202,21004.0,35.1,110092.0,74763.0,1109.0,5.279946676823462
22940,1057.0,44.6,54514.0,45530.0,149.0,14.096499526963104
22952,2088.0,46.3,43095.0,23158.0,118.0,5.6513409961685825
22974,5881.0,39.6,78952.0,29037.0,582.0,9.896276143513008
22937,1857.0,36.6,45893.0,20336.0,538.0,28.971459343026385
22042,32356.0,36.4,94135.0,42970.0,1961.0,6.0606997156632465
22079,32986.0,34.8,99025.0,41435.0,1146.0,3.4742011762565936
22153,31906.0,38.5,135641.0,49164.0,1511.0,4.7357863724691285
22203,22929.0,32.1,95410.0,58123.0,2332.0,10.170526407606088
22205,17882.0,39.4,140819.0,61687.0,594.0,3.321776087685941
22207,33057.0,38.5,169636.0,77782.0,703.0,2.1266297607163382
22211,895.0,22.2,25000.0,23302.0,24.0,2.6815642458100557
22407,56381.0,35.8,78164.0,31502.0,4346.0,7.708270516663415
24589,2254.0,44.3,21646.0,15935.0,650.0,28.83762200532387
24601,45.0,54.6,-666666666.0,10338.0,0.0,0.0
24604,643.0,35.0,22719.0,10400.0,236.0,36.70295489891135
24605,8426.0,44.6,44083.0,26368.0,1098.0,13.031094232138619
24612,138.0,56.8,55357.0,33782.0,0.0,0.0
24631,2096.0,48.9,31354.0,17630.0,285.0,13.59732824427481
24634,711.0,48.4,42292.0,15555.0,45.0,6.329113924050633
24641,5982.0,42.3,33788.0,19085.0,1093.0,18.271481109996657
24354,15271.0,44.5,37673.0,22872.0,2778.0,18.191343068561327
24378,1412.0,53.0,32926.0,17143.0,163.0,11.543909348441927
24435,2264.0,47.5,61679.0,30958.0,138.0,6.095406360424028
24458,469.0,58.9,52292.0,26384.0,27.0,5.756929637526652
24431,2489.0,42.7,34939.0,20746.0,513.0,20.610687022900763
24381,3522.0,42.9,32399.0,20934.0,328.0,9.312890403180011
24421,3439.0,50.2,53750.0,34101.0,224.0,6.513521372492003
24442,137.0,46.4,26875.0,19495.0,67.0,48.90510948905109
20197,1482.0,43.1,136677.0,61140.0,37.0,2.496626180836707
20111,31845.0,33.4,85829.0,31078.0,2414.0,7.580467891348721
20115,6006.0,44.6,70845.0,45510.0,314.0,5.228105228105228
20169,20792.0,38.1,139508.0,50601.0,425.0,2.0440554059253557
20176,47889.0,35.5,113668.0,45608.0,2266.0,4.731775564325837
20109,36470.0,30.6,65017.0,27944.0,3664.0,10.046613655058952
20137,1422.0,45.5,108333.0,47312.0,20.0,1.4064697609001406
20118,8.0,56.0,-666666666.0,25663.0,0.0,0.0
20119,4197.0,43.1,111339.0,42333.0,121.0,2.8830116750059567
20130,247.0,57.5,51458.0,42144.0,38.0,15.384615384615385
20132,17262.0,37.4,129180.0,44582.0,704.0,4.078322326497509
20152,26591.0,33.7,144250.0,47880.0,833.0,3.1326388627731188
20155,31724.0,35.8,127974.0,46480.0,944.0,2.9756651115874417
20105,12468.0,32.6,127464.0,46006.0,155.0,1.2431825473211422
20166,9857.0,33.7,106797.0,43608.0,641.0,6.502992796997058
20175,29156.0,36.0,112815.0,47154.0,1023.0,3.508711757442722
20186,14892.0,42.4,78161.0,38522.0,1262.0,8.474348643567016
20191,28968.0,39.1,108013.0,50231.0,2485.0,8.57843137254902
20194,13501.0,39.0,131926.0,74887.0,482.0,3.570105918080142
20106,5439.0,42.0,80031.0,34301.0,160.0,2.9417172274315133
20112,26017.0,40.2,139902.0,47156.0,1064.0,4.089633701041627
20120,41732.0,35.5,111272.0,47233.0,2261.0,5.417904725390588
20129,712.0,42.5,180481.0,66474.0,61.0,8.567415730337078
20136,30283.0,32.3,128444.0,39742.0,518.0,1.7105306607667667
20143,1081.0,42.8,139938.0,51051.0,26.0,2.4051803885291396
20148,31453.0,32.3,161433.0,52835.0,366.0,1.163640988141036
20151,21744.0,34.2,122054.0,44788.0,1913.0,8.797829286239882
20165,33306.0,37.5,129827.0,53220.0,542.0,1.6273344142196602
20170,41673.0,35.3,104371.0,42213.0,2771.0,6.6493892928274905
20171,47565.0,34.1,141433.0,56548.0,1459.0,3.0673814779775044
20190,18127.0,37.8,94806.0,57093.0,1766.0,9.742373255364924
20198,2248.0,45.9,61837.0,40392.0,308.0,13.701067615658364
20110,45480.0,33.1,75584.0,29563.0,5076.0,11.160949868073878
20121,28902.0,31.8,92115.0,38493.0,1583.0,5.477129610407585
20124,16278.0,39.1,167400.0,58001.0,482.0,2.9610517262562968
20181,7891.0,41.3,108438.0,41387.0,491.0,6.222278545178051
20184,888.0,48.1,174526.0,70546.0,0.0,0.0
20144,1289.0,47.0,115667.0,52703.0,0.0,0.0
20135,2898.0,42.9,90083.0,47781.0,113.0,3.899240855762595
20164,36808.0,32.9,87288.0,32893.0,2668.0,7.24842425559661
20180,5990.0,41.6,123594.0,52738.0,170.0,2.8380634390651087
24501,26605.0,29.7,29916.0,16498.0,7328.0,27.543694794211614
24521,10582.0,45.7,43420.0,22210.0,1611.0,15.223965223965225
24526,1292.0,48.6,48546.0,25001.0,140.0,10.8359133126935
24530,1132.0,49.1,36786.0,19053.0,155.0,13.692579505300353
24534,1537.0,53.2,28051.0,18292.0,348.0,22.641509433962263
24536,146.0,57.3,58250.0,21749.0,34.0,23.28767123287671
24539,61.0,59.5,32308.0,23320.0,12.0,19.672131147540984
24566,1546.0,42.2,40027.0,17146.0,376.0,24.320827943078914
24571,2012.0,44.7,39491.0,20418.0,258.0,12.823061630218687
24363,1241.0,49.2,32083.0,16910.0,191.0,15.39081385979049
24283,2206.0,46.3,40026.0,22048.0,550.0,24.932003626473254
24319,7398.0,38.8,36520.0,17581.0,1352.0,18.27520951608543
24324,2211.0,44.5,51051.0,24793.0,317.0,14.337403889642696
24370,6228.0,44.5,33340.0,18073.0,1233.0,19.797687861271676
24597,1301.0,44.4,40368.0,18306.0,127.0,9.761721752498078
24313,1209.0,34.5,26741.0,15598.0,450.0,37.220843672456574
24314,1524.0,42.1,56858.0,24861.0,231.0,15.15748031496063
24316,26.0,-666666666.0,-666666666.0,,0.0,0.0
24317,4335.0,39.2,30955.0,15694.0,910.0,20.991926182237602
24318,792.0,49.6,47260.0,26347.0,88.0,11.11111111111111
24352,923.0,54.5,33182.0,18544.0,206.0,22.318526543878658
24366,473.0,51.6,44917.0,25636.0,39.0,8.24524312896406
24019,26904.0,41.0,62912.0,28152.0,1969.0,7.318614332441273
24054,6658.0,42.2,36909.0,18008.0,1114.0,16.731751276659658
24055,12890.0,44.4,31013.0,17985.0,2914.0,22.6066718386346
24069,1627.0,47.8,47957.0,23507.0,100.0,6.146281499692686
24070,1504.0,44.1,63438.0,25311.0,232.0,15.425531914893616
24087,4706.0,41.1,43142.0,22227.0,636.0,13.514662133446663
24089,2841.0,48.0,33984.0,16320.0,730.0,25.695177754311864
24128,1683.0,47.6,55481.0,32149.0,224.0,13.309566250742721
24151,19066.0,41.8,38887.0,22230.0,2835.0,14.869401028007973
24167,255.0,54.2,18083.0,36215.0,96.0,37.64705882352941
24171,7881.0,49.9,34048.0,21013.0,1544.0,19.591422408323815
24211,10503.0,46.4,50598.0,31817.0,858.0,8.16909454441588
24217,451.0,48.1,45147.0,20359.0,144.0,31.929046563192905
24219,11661.0,39.5,37258.0,18185.0,2517.0,21.58476974530486
24250,1395.0,38.1,46929.0,23113.0,144.0,10.32258064516129
24260,6103.0,45.3,30846.0,16550.0,1330.0,21.792561035556282
24263,6702.0,39.4,32312.0,16693.0,1642.0,24.500149209191285
24269,716.0,29.3,25250.0,10684.0,318.0,44.41340782122905
24127,4289.0,44.4,46134.0,21327.0,405.0,9.442760550244813
24133,2478.0,46.9,33005.0,18357.0,322.0,12.994350282485875
24011,231.0,26.9,75526.0,73952.0,23.0,9.956709956709958
24013,7762.0,36.9,30213.0,13797.0,2849.0,36.70445761401701
24556,3581.0,45.3,63629.0,27023.0,186.0,5.194079865959229
24432,308.0,53.1,60221.0,25184.0,0.0,0.0
24441,6994.0,38.1,44232.0,20668.0,918.0,13.125536173863312
24459,966.0,39.0,63125.0,28747.0,78.0,8.074534161490684
24467,2055.0,42.6,56667.0,33581.0,117.0,5.693430656934306
23696,3845.0,45.1,93854.0,39630.0,116.0,3.0169050715214563
23707,14694.0,33.6,42647.0,24360.0,2385.0,16.231114740710495
23821,1582.0,47.8,34663.0,18883.0,312.0,19.721871049304678
23827,1461.0,43.6,28266.0,16578.0,429.0,29.363449691991786
23830,1106.0,53.5,58825.0,27070.0,30.0,2.7124773960216997
23833,2501.0,41.9,53684.0,22613.0,287.0,11.475409836065573
23850,743.0,36.4,46364.0,21442.0,192.0,25.841184387617766
23851,13625.0,40.5,36584.0,20946.0,2363.0,17.343119266055044
23890,4697.0,43.0,38663.0,17402.0,857.0,18.245688737492017
23302,15.0,-666666666.0,-666666666.0,,0.0,0.0
23307,582.0,51.8,43611.0,23114.0,50.0,8.59106529209622
23336,2968.0,49.5,38036.0,28067.0,486.0,16.37466307277628
23150,12117.0,39.8,61273.0,26762.0,1361.0,11.232153173227697
23220,35002.0,25.3,32684.0,24057.0,11353.0,32.4352894120336
23222,25820.0,36.4,34234.0,18240.0,6390.0,24.74825716498838
23230,5360.0,42.0,53606.0,33550.0,433.0,8.078358208955224
23294,17222.0,30.6,52071.0,27235.0,1978.0,11.48530948786436
23301,1566.0,35.1,41944.0,23944.0,377.0,24.074074074074073
23321,35453.0,35.9,69876.0,30302.0,3092.0,8.721405804868418
23347,742.0,39.8,22500.0,19070.0,229.0,30.862533692722373
23409,5.0,-666666666.0,-666666666.0,,0.0,0.0
23417,3784.0,53.0,39189.0,26362.0,937.0,24.76215644820296
23960,2066.0,43.7,43438.0,17688.0,143.0,6.921587608906099
23962,345.0,56.5,30455.0,16539.0,97.0,28.115942028985508
23963,421.0,42.8,85045.0,22230.0,21.0,4.98812351543943
23079,599.0,26.7,78068.0,21266.0,92.0,15.358931552587647
23084,1508.0,49.7,59648.0,29369.0,155.0,10.278514588859416
23092,563.0,40.1,47244.0,22598.0,4.0,0.7104795737122558
23108,223.0,47.4,62917.0,30153.0,0.0,0.0
23115,243.0,25.8,33608.0,11996.0,0.0,0.0
23038,1437.0,47.9,50750.0,25763.0,285.0,19.832985386221296
23146,3107.0,47.0,77207.0,37414.0,182.0,5.857740585774058
23022,1418.0,29.6,50368.0,21542.0,213.0,15.021156558533145
23024,8090.0,46.3,49122.0,28241.0,699.0,8.640296662546353
23091,286.0,58.3,53750.0,22248.0,40.0,13.986013986013987
23103,4381.0,53.7,106750.0,67963.0,134.0,3.058662405843415
23109,2358.0,48.6,48984.0,30460.0,667.0,28.286683630195082
23110,846.0,49.7,55609.0,22974.0,201.0,23.75886524822695
23113,23811.0,46.0,110574.0,55819.0,907.0,3.809163831842426
23129,320.0,41.9,110517.0,42027.0,0.0,0.0
23188,39235.0,44.1,72070.0,36961.0,3256.0,8.298712883904678
23192,6382.0,47.5,71458.0,38256.0,279.0,4.371670322782827
23233,29081.0,38.7,91741.0,44702.0,1361.0,4.680031635775936
23234,42360.0,33.7,46279.0,21281.0,7201.0,16.999527856468365
23237,21807.0,36.9,54735.0,23503.0,2369.0,10.863484202320356
23303,890.0,52.1,47684.0,34976.0,41.0,4.606741573033708
23011,1751.0,43.2,57188.0,26493.0,7.0,0.3997715591090805
23435,27088.0,36.9,84531.0,35118.0,1269.0,4.684731246308329
23480,273.0,59.4,19250.0,20356.0,117.0,42.857142857142854
23661,13795.0,42.6,44349.0,24807.0,2453.0,17.781805001812252
23662,12095.0,43.5,81701.0,38373.0,673.0,5.5642827614716825
23664,9170.0,42.4,62901.0,34217.0,743.0,8.102508178844056
23665,5593.0,22.2,52313.0,18789.0,222.0,3.969247273377436
23691,188.0,13.3,61146.0,17203.0,0.0,0.0
23503,35632.0,29.4,46001.0,25706.0,4339.0,12.177256398742703
23507,8153.0,29.9,62755.0,41859.0,954.0,11.70121427695327
23508,20456.0,24.3,50789.0,24608.0,4227.0,20.663863903011343
23518,30581.0,36.5,53375.0,27977.0,4526.0,14.800039240051012
23603,3647.0,27.9,56722.0,27774.0,144.0,3.948450781464217
23604,7210.0,21.0,51782.0,16910.0,455.0,6.310679611650485
23605,13436.0,35.5,39953.0,21876.0,2256.0,16.7907115212861
23663,15279.0,33.5,41006.0,18553.0,3522.0,23.05124680934616
23701,23549.0,41.3,47245.0,23991.0,2780.0,11.805172194148371
23805,19793.0,42.0,47366.0,25032.0,2538.0,12.822715101298439
23828,416.0,32.1,62083.0,26016.0,49.0,11.778846153846153
23837,4661.0,40.5,47393.0,23174.0,865.0,18.558249302724736
23842,7090.0,43.9,73041.0,27055.0,445.0,6.276445698166431
23857,757.0,52.2,57689.0,20046.0,152.0,20.079260237780712
23881,1779.0,51.5,38295.0,24405.0,440.0,24.73299606520517
23924,7066.0,41.5,33773.0,16983.0,1664.0,23.549391452023777
23938,251.0,42.8,36250.0,27280.0,15.0,5.9760956175298805
23005,14798.0,41.6,54855.0,29893.0,948.0,6.40627111771861
23025,247.0,46.0,42708.0,22294.0,0.0,0.0
23027,1179.0,45.7,34625.0,23827.0,128.0,10.856658184902459
23039,1074.0,41.8,83750.0,41879.0,9.0,0.8379888268156425
23061,19903.0,44.3,64931.0,29761.0,1330.0,6.682409686981862
23075,10541.0,34.9,41703.0,21152.0,1685.0,15.985200645100086
23867,2651.0,38.1,41319.0,19207.0,255.0,9.619011693700491
23878,1132.0,41.9,56667.0,25177.0,99.0,8.745583038869258
23879,608.0,39.3,62188.0,21527.0,31.0,5.098684210526316
23885,2539.0,49.7,75625.0,31762.0,234.0,9.216226860968886
23887,303.0,67.2,29519.0,28391.0,29.0,9.570957095709572
23915,788.0,43.6,46957.0,16970.0,123.0,15.609137055837563
23942,1187.0,44.1,42019.0,22677.0,35.0,2.9486099410278013
23959,1235.0,38.7,39917.0,16981.0,272.0,22.024291497975707
23964,1215.0,40.5,54438.0,25988.0,331.0,27.242798353909464
23967,1296.0,41.1,39135.0,17574.0,95.0,7.330246913580247
23462,61287.0,31.9,56617.0,26703.0,6612.0,10.788584854863185
23464,72834.0,35.9,71192.0,29404.0,4850.0,6.658977949858582
23116,28115.0,40.6,102891.0,38876.0,883.0,3.1406722390183175
23123,1618.0,44.2,32027.0,23037.0,368.0,22.744128553770086
23141,5816.0,44.3,70257.0,33418.0,226.0,3.885832187070151
23169,1522.0,53.3,50085.0,25192.0,130.0,8.541392904073588
23176,599.0,49.2,56144.0,27470.0,0.0,0.0
23177,962.0,31.3,41638.0,15421.0,111.0,11.538461538461538
23185,46458.0,40.6,70196.0,36566.0,4610.0,9.922941151147272
23224,35885.0,30.8,33141.0,15740.0,11411.0,31.798801727741395
23227,25961.0,41.4,45823.0,28480.0,3670.0,14.136589499634066
23883,3077.0,39.2,56324.0,23429.0,203.0,6.597335066623335
23888,1941.0,45.3,40000.0,20256.0,292.0,15.04379185986605
23894,453.0,41.9,72143.0,29515.0,31.0,6.843267108167771
23898,2310.0,48.9,57969.0,26474.0,328.0,14.1991341991342
23308,2128.0,39.7,40489.0,15711.0,487.0,22.88533834586466
23323,34915.0,36.7,68427.0,27008.0,3295.0,9.43720463983961
23325,17676.0,38.7,54972.0,26886.0,1769.0,10.007920343969223
23350,3492.0,47.0,30167.0,24129.0,886.0,25.372279495990835
23410,2667.0,47.9,40707.0,18946.0,771.0,28.90888638920135
23415,1687.0,46.3,45176.0,21759.0,267.0,15.826911677534085
23427,218.0,57.8,30500.0,20467.0,40.0,18.34862385321101
23441,81.0,7.2,-666666666.0,,0.0,0.0
23452,60422.0,34.9,61522.0,30521.0,4931.0,8.160934758862666
23457,4548.0,44.8,85037.0,36508.0,203.0,4.463500439753738
23651,592.0,33.0,90625.0,38274.0,9.0,1.5202702702702702
23693,23732.0,39.9,100488.0,41315.0,699.0,2.945390190460138
23801,5351.0,20.0,59138.0,15992.0,305.0,5.699869183330219
23004,866.0,30.6,55098.0,22687.0,110.0,12.702078521939955
23440,483.0,55.7,40833.0,20990.0,103.0,21.32505175983437
23456,51261.0,38.4,92574.0,33649.0,2080.0,4.057665671758257
23459,1227.0,20.5,44750.0,15288.0,126.0,10.268948655256724
23601,24907.0,36.4,50068.0,26325.0,2849.0,11.438551411249849
23606,28648.0,30.5,57230.0,30407.0,3098.0,10.814018430605977
23690,3694.0,27.7,48400.0,25491.0,447.0,12.100703844071468
23704,18578.0,34.0,34072.0,19754.0,6178.0,33.25438690924749
23708,313.0,20.7,-666666666.0,21727.0,0.0,0.0
23844,747.0,43.0,23857.0,14656.0,355.0,47.52342704149933
23846,548.0,49.3,62824.0,25972.0,93.0,16.970802919708028
23927,4077.0,55.1,37067.0,26499.0,498.0,12.21486387049301
23934,812.0,47.2,42569.0,20442.0,15.0,1.8472906403940887
23936,9193.0,41.0,36803.0,14342.0,1225.0,13.325356249320135
23947,3700.0,44.0,36330.0,21326.0,698.0,18.864864864864863
23958,3375.0,42.5,39617.0,23360.0,873.0,25.866666666666667
23974,5174.0,44.1,36530.0,16011.0,880.0,17.008117510630072
23009,6337.0,37.8,65473.0,27022.0,266.0,4.197569827994319
23228,33844.0,35.1,44224.0,23998.0,5267.0,15.562581255170784
23229,32930.0,41.4,71638.0,44244.0,3148.0,9.559672031582144
23070,767.0,59.8,99250.0,47337.0,16.0,2.0860495436766624
23868,7739.0,34.4,35109.0,12144.0,1532.0,19.795839255717794
23901,16490.0,33.9,35825.0,18260.0,3267.0,19.81200727713766
23976,136.0,48.8,35536.0,22757.0,21.0,15.441176470588236
23921,1577.0,51.3,30580.0,21220.0,398.0,25.237793278376664
23876,505.0,36.8,68265.0,25663.0,65.0,12.871287128712872
23882,2071.0,38.7,47422.0,23240.0,83.0,4.007725736359247
23889,351.0,55.8,14875.0,22752.0,117.0,33.333333333333336
23930,6142.0,39.4,40938.0,19990.0,1063.0,17.307066102246825
23943,278.0,20.6,-666666666.0,6117.0,0.0,0.0
23944,4481.0,41.1,30752.0,16988.0,1066.0,23.789332738228072
23954,2183.0,41.1,45357.0,18736.0,294.0,13.467704993128722
23513,31436.0,31.5,40413.0,19654.0,5312.0,16.8978241506553
23607,23709.0,31.4,27897.0,15623.0,8222.0,34.67881395250749
23163,280.0,58.4,36574.0,38416.0,0.0,0.0
23226,15078.0,37.6,76599.0,60491.0,831.0,5.511341026661361
23236,26234.0,40.8,74141.0,33515.0,1686.0,6.426774414881452
23219,3284.0,25.4,19231.0,24403.0,1274.0,38.79415347137637
23223,48111.0,33.1,36855.0,21085.0,12983.0,26.985512668620483
23225,39470.0,37.8,43683.0,27214.0,6163.0,15.614390676463136
23314,6905.0,41.9,78891.0,36245.0,240.0,3.4757422157856626
23315,1466.0,49.4,55714.0,26428.0,71.0,4.843110504774898
22960,11001.0,44.0,44854.0,21728.0,1631.0,14.825924915916735
22967,1821.0,45.9,41786.0,20256.0,356.0,19.549697968149367
22973,6792.0,42.6,51464.0,25414.0,756.0,11.130742049469964
22976,197.0,24.9,24904.0,9108.0,34.0,17.258883248730964
22206,20460.0,33.9,98985.0,59986.0,1424.0,6.959921798631476
22509,0.0,-666666666.0,-666666666.0,-666666666.0,0.0,
22301,11723.0,35.8,119443.0,63555.0,675.0,5.757911797321505
22485,23325.0,37.0,82256.0,34680.0,1668.0,7.15112540192926
22654,1043.0,39.3,94160.0,37441.0,31.0,2.972195589645254
22469,1639.0,47.6,37820.0,18099.0,447.0,27.272727272727273
22646,246.0,52.3,64097.0,58442.0,8.0,3.252032520325203
22580,5249.0,39.2,49740.0,23787.0,718.0,13.678795961135455
22729,1304.0,36.9,-666666666.0,3889.0,3.0,0.23006134969325154
22847,978.0,38.5,63438.0,22996.0,62.0,6.339468302658487
22969,1234.0,41.8,54811.0,21326.0,121.0,9.805510534846029
22747,1037.0,48.5,50069.0,37723.0,162.0,15.62198649951784
22436,881.0,39.6,50068.0,20684.0,67.0,7.604994324631101
22192,54216.0,35.8,98169.0,42064.0,2297.0,4.236756676995721
22610,1635.0,47.1,52118.0,26796.0,103.0,6.299694189602446
22025,16955.0,40.0,115000.0,48008.0,527.0,3.108227661456797
22035,0.0,-666666666.0,-666666666.0,-666666666.0,0.0,
22185,0.0,-666666666.0,-666666666.0,-666666666.0,0.0,
22214,120.0,23.5,-666666666.0,30400.0,0.0,0.0
22530,103.0,71.0,48224.0,32078.0,0.0,0.0
22551,17929.0,42.3,68313.0,28954.0,1720.0,9.593396173796643
22556,25485.0,35.3,101463.0,38038.0,1168.0,4.583088091033941
22623,545.0,46.3,57404.0,34161.0,8.0,1.4678899082568808
22807,2449.0,19.2,-666666666.0,2027.0,0.0,0.0
22904,5019.0,19.6,63375.0,2356.0,29.0,0.5778043434947201
22964,111.0,71.2,51667.0,23768.0,13.0,11.711711711711711
22712,8053.0,34.1,76013.0,27189.0,292.0,3.625977896436111
22714,1237.0,37.9,70625.0,24969.0,212.0,17.13823767178658
22443,8134.0,47.4,49091.0,25096.0,797.0,9.79837718219818
22454,1887.0,43.2,41859.0,22859.0,105.0,5.5643879173290935
22473,5202.0,51.2,54250.0,27822.0,826.0,15.878508266051519
22553,13821.0,36.7,92521.0,35048.0,521.0,3.769625931553433
22560,6120.0,46.4,45377.0,21168.0,913.0,14.918300653594772
22639,284.0,63.7,103125.0,104922.0,9.0,3.1690140845070425
22663,1727.0,43.9,59509.0,27507.0,128.0,7.411696583671106
22546,15952.0,36.9,61637.0,26850.0,1976.0,12.38716148445336
22567,3218.0,38.9,54299.0,22438.0,363.0,11.280298321939092
22572,7410.0,43.4,46818.0,19098.0,738.0,9.959514170040485
22579,57.0,65.8,-666666666.0,58370.0,0.0,0.0
22611,8492.0,45.1,76319.0,37040.0,518.0,6.099858690532265
22641,644.0,40.9,58750.0,21393.0,19.0,2.950310559006211
22656,2743.0,41.2,51923.0,23718.0,528.0,19.248997448049582
22709,823.0,52.8,52813.0,23235.0,87.0,10.571081409477522
22724,1708.0,51.8,73229.0,39131.0,122.0,7.142857142857143
22738,1360.0,34.6,34432.0,21536.0,422.0,31.029411764705884
22741,274.0,40.5,56125.0,19315.0,0.0,0.0
22749,312.0,59.2,67143.0,89603.0,37.0,11.85897435897436
22920,4201.0,48.9,62938.0,33153.0,187.0,4.451321114020471
22740,1260.0,45.6,39950.0,24845.0,230.0,18.253968253968253
22801,38142.0,23.0,41200.0,20938.0,10900.0,28.577421215458024
22834,1092.0,38.6,40357.0,30224.0,97.0,8.882783882783883
22841,2867.0,42.5,54722.0,32505.0,354.0,12.347401464945937
22922,2298.0,36.3,45435.0,22019.0,354.0,15.404699738903394
22406,21838.0,36.9,84980.0,34695.0,1239.0,5.673596483194432
22302,17495.0,36.4,94446.0,60048.0,1519.0,8.682480708773936
23359,989.0,39.4,35547.0,16318.0,163.0,16.48129423660263
23416,476.0,26.8,53150.0,17272.0,151.0,31.722689075630253
23418,819.0,48.2,64464.0,27114.0,84.0,10.256410256410257
23420,2882.0,35.2,25573.0,21538.0,789.0,27.376821651630813
23432,1360.0,45.3,85333.0,40270.0,354.0,26.029411764705884
23437,4552.0,41.1,64806.0,26213.0,700.0,15.377855887521969
23438,1899.0,44.5,63897.0,26182.0,25.0,1.3164823591363877
23423,285.0,63.9,24167.0,28242.0,50.0,17.54385964912281
23433,856.0,54.2,67222.0,40184.0,59.0,6.892523364485982
23442,1292.0,38.3,30714.0,19406.0,191.0,14.78328173374613
23455,48765.0,35.7,62949.0,35517.0,3815.0,7.82323387675587
23461,168.0,23.1,-666666666.0,33879.0,0.0,0.0
23488,128.0,72.7,10566.0,14845.0,102.0,79.6875
23504,23272.0,27.1,26361.0,14422.0,7487.0,32.17170849089034
23517,4398.0,32.3,40513.0,33048.0,918.0,20.8731241473397
23669,43132.0,34.5,46209.0,22975.0,6784.0,15.728461467124177
23692,18440.0,45.1,81387.0,38102.0,1106.0,5.997830802603037
23703,26988.0,34.7,60427.0,26540.0,2868.0,10.626945309026233
23832,32263.0,37.2,75942.0,31379.0,1531.0,4.745373957784459
23840,1835.0,39.6,49010.0,21124.0,278.0,15.149863760217984
23845,218.0,51.8,36507.0,25924.0,24.0,11.009174311926605
23847,16090.0,42.7,33784.0,17136.0,3287.0,20.42883778744562
23856,935.0,45.8,42548.0,19010.0,207.0,22.13903743315508
23874,914.0,48.1,39234.0,21399.0,194.0,21.2253829321663
23893,231.0,51.4,29265.0,20870.0,18.0,7.792207792207792
23897,605.0,55.2,49602.0,26401.0,44.0,7.2727272727272725
23899,336.0,51.5,38875.0,22908.0,41.0,12.202380952380953
23917,3666.0,47.1,34018.0,15799.0,594.0,16.202945990180034
23920,3998.0,40.9,38511.0,15262.0,736.0,18.409204602301152
23923,2227.0,44.9,31595.0,16969.0,340.0,15.267175572519085
23950,3397.0,34.7,28390.0,15773.0,1327.0,39.06387989402414
23430,17202.0,44.7,68348.0,33599.0,2315.0,13.457737472386931
23436,1146.0,45.2,99716.0,49081.0,10.0,0.8726003490401396
23451,42355.0,36.8,59017.0,42400.0,3940.0,9.30232558139535
23505,30613.0,28.8,42102.0,27895.0,5326.0,17.39783752000784
23523,7776.0,28.9,28896.0,13904.0,2611.0,33.577674897119344
23702,11715.0,31.6,36079.0,17461.0,2777.0,23.70465215535638
23803,40187.0,37.8,39607.0,20029.0,8763.0,21.805559011620673
23829,2416.0,50.8,60536.0,16993.0,327.0,13.53476821192053
23836,11222.0,40.8,83433.0,38295.0,602.0,5.364462662626983
23839,809.0,45.8,50362.0,24863.0,43.0,5.315203955500618
23841,4190.0,44.8,51074.0,20347.0,448.0,10.692124105011933
23860,30917.0,36.8,40609.0,20406.0,4562.0,14.75563605783226
23401,143.0,36.8,25417.0,12668.0,72.0,50.34965034965035
23405,955.0,60.4,30129.0,22880.0,167.0,17.486910994764397
23421,5078.0,35.5,42426.0,19452.0,1020.0,20.08664828672706
23426,231.0,45.9,31713.0,17481.0,30.0,12.987012987012987
23487,6493.0,42.8,44369.0,22350.0,1012.0,15.58601570922532
23502,22103.0,34.6,47378.0,22209.0,3161.0,14.301226077907977
23509,13297.0,38.2,46187.0,26872.0,1909.0,14.356621794389712
23510,7171.0,30.3,57788.0,36768.0,1765.0,24.613024682749966
23838,16186.0,43.1,103059.0,39737.0,490.0,3.0273075497343385
23065,2068.0,45.6,78008.0,34125.0,53.0,2.5628626692456478
23015,4388.0,44.0,76620.0,30173.0,525.0,11.964448495897903
23030,4907.0,48.3,48102.0,26256.0,539.0,10.984308131241084
23063,5625.0,39.1,61938.0,24780.0,490.0,8.71111111111111
23066,565.0,48.9,50313.0,32800.0,8.0,1.415929203539823
23068,337.0,54.9,46944.0,37483.0,12.0,3.5608308605341246
23069,3625.0,45.9,77604.0,27690.0,176.0,4.855172413793103
22935,633.0,41.8,38324.0,19777.0,96.0,15.165876777251185
22802,28401.0,32.4,44837.0,22008.0,5233.0,18.42540755607197
22846,1881.0,35.5,67083.0,31591.0,188.0,9.994683678894205
22932,7516.0,42.2,76354.0,31121.0,553.0,7.357637040979244
22003,58390.0,40.0,93823.0,39118.0,5593.0,9.578694982017469
22032,29574.0,42.5,128483.0,48399.0,1546.0,5.227564752823426
22033,37605.0,35.7,103052.0,48592.0,2166.0,5.759872357399282
22044,13054.0,36.2,72977.0,42772.0,1807.0,13.84250038302436
20139,181.0,50.8,144464.0,47298.0,0.0,0.0
20141,6588.0,38.4,124180.0,44305.0,190.0,2.8840315725561627
20147,57758.0,34.4,122115.0,47367.0,1784.0,3.0887496104435748
20158,4149.0,43.5,120991.0,47915.0,237.0,5.712219812002893
20187,15860.0,40.8,116206.0,44989.0,624.0,3.9344262295081966
24579,1266.0,48.9,39719.0,21008.0,123.0,9.71563981042654
24595,717.0,20.1,66058.0,7475.0,0.0,0.0
24599,394.0,41.6,32042.0,20984.0,103.0,26.14213197969543
24606,386.0,48.5,50923.0,19524.0,34.0,8.808290155440414
24607,452.0,42.1,20806.0,10249.0,188.0,41.5929203539823
24614,7570.0,43.9,33769.0,19509.0,1675.0,22.126816380449142
24628,242.0,53.2,50170.0,21214.0,0.0,0.0
24656,3310.0,47.9,37341.0,18712.0,477.0,14.410876132930513
24165,1125.0,51.6,30139.0,18283.0,225.0,20.0
24225,2033.0,38.4,28427.0,16871.0,285.0,14.018691588785046
24236,3371.0,49.8,32083.0,20717.0,376.0,11.153960249184218
24245,1172.0,37.3,23219.0,15437.0,402.0,34.30034129692833
24266,8526.0,43.7,37569.0,24388.0,1613.0,18.918601923528033
24272,455.0,24.8,23333.0,19183.0,221.0,48.57142857142857
24277,6289.0,42.9,29663.0,15804.0,1337.0,21.25934170774368
24311,1906.0,46.7,38000.0,21546.0,333.0,17.471143756558238
24343,8815.0,45.0,33459.0,21139.0,1588.0,18.01474758933636
24401,35256.0,43.1,45044.0,26392.0,4880.0,13.841615611527116
24448,448.0,40.4,37019.0,17148.0,54.0,12.053571428571429
24471,1011.0,54.2,41154.0,25845.0,118.0,11.671612265084075
24168,324.0,35.4,71520.0,22244.0,0.0,0.0
24174,2579.0,45.8,45030.0,24130.0,299.0,11.593640946103141
24210,16239.0,44.7,39229.0,23820.0,2565.0,15.79530759283207
24221,944.0,40.6,44938.0,17942.0,100.0,10.59322033898305
24226,1713.0,40.8,31765.0,14699.0,423.0,24.69352014010508
24243,2489.0,44.6,34583.0,17954.0,603.0,24.22659702691844
24244,5616.0,44.0,33137.0,17132.0,1220.0,21.723646723646723
24251,8289.0,45.2,40417.0,24923.0,1443.0,17.408613825551935
24415,87.0,50.2,-666666666.0,12768.0,0.0,0.0
20117,2428.0,47.0,103214.0,58414.0,112.0,4.612850082372323
24639,4027.0,42.6,27120.0,14848.0,1336.0,33.176061584305934
24657,440.0,46.7,17868.0,16935.0,162.0,36.81818181818182
24224,6830.0,40.6,34390.0,18214.0,1114.0,16.3103953147877
24228,6636.0,49.9,32612.0,20105.0,920.0,13.863773357444243
24239,180.0,48.4,26250.0,16092.0,17.0,9.444444444444445
24256,3618.0,39.0,28523.0,16507.0,1007.0,27.83305693753455
24273,6755.0,40.5,43781.0,21850.0,1090.0,16.13619541080681
24301,13653.0,44.9,37667.0,22326.0,2387.0,17.483336995532117
24323,584.0,60.2,30441.0,18519.0,15.0,2.5684931506849313
24326,970.0,48.8,28300.0,17224.0,171.0,17.628865979381445
24330,3722.0,45.4,25637.0,16513.0,1039.0,27.915099408919936
24347,1937.0,37.1,52587.0,25406.0,311.0,16.0557563242127
24348,4048.0,48.0,38750.0,25488.0,742.0,18.3300395256917
24361,5206.0,41.1,35060.0,19278.0,689.0,13.23472915866308
24368,4870.0,39.2,45781.0,26230.0,623.0,12.792607802874743
24377,245.0,58.5,52188.0,22670.0,24.0,9.795918367346939
24312,2006.0,45.0,29778.0,15962.0,351.0,17.497507477567297
24412,138.0,42.6,67212.0,27571.0,0.0,0.0
24258,1622.0,48.4,43611.0,21626.0,164.0,10.110974106041924
24325,1052.0,57.0,42672.0,20598.0,230.0,21.863117870722434
24130,0.0,-666666666.0,-666666666.0,-666666666.0,0.0,
24246,359.0,43.8,16385.0,9305.0,244.0,67.96657381615599
24411,112.0,9.0,-666666666.0,,0.0,0.0
24476,258.0,50.4,36328.0,26463.0,13.0,5.038759689922481
24570,0.0,-666666666.0,-666666666.0,-666666666.0,0.0,
24613,405.0,62.0,19741.0,17886.0,88.0,21.728395061728396
24635,1121.0,38.8,26359.0,12483.0,130.0,11.596788581623551
24649,3123.0,41.8,24820.0,15655.0,773.0,24.751841178354148
24012,29572.0,38.3,44010.0,23400.0,4402.0,14.885702691735425
24646,559.0,45.4,33571.0,20712.0,80.0,14.311270125223613
24015,15825.0,37.8,51028.0,31237.0,1831.0,11.570300157977883
24020,379.0,20.3,-666666666.0,6258.0,0.0,0.0
24092,3070.0,46.9,42373.0,21229.0,440.0,14.332247557003257
24101,6604.0,44.4,64332.0,30044.0,355.0,5.375529981829194
24134,5626.0,41.5,46354.0,24400.0,606.0,10.771418414504089
24141,21702.0,30.7,39808.0,20647.0,5845.0,26.933001566675884
24161,257.0,66.2,21583.0,16673.0,109.0,42.4124513618677
24279,5709.0,39.8,36114.0,16930.0,930.0,16.2900683131897
24079,1825.0,48.1,39969.0,24651.0,251.0,13.753424657534246
24066,4569.0,43.8,48686.0,23319.0,629.0,13.766688553293937
24067,2539.0,43.3,47273.0,21638.0,356.0,14.021268215833006
24076,751.0,60.5,36726.0,18462.0,52.0,6.924101198402131
24082,421.0,53.5,40568.0,16260.0,0.0,0.0
24120,1802.0,51.2,34732.0,21078.0,345.0,19.145394006659266
24122,1889.0,49.8,52096.0,26000.0,129.0,6.8290100582318685
24132,456.0,47.5,18566.0,14490.0,221.0,48.46491228070175
24147,1187.0,53.5,36406.0,22825.0,175.0,14.743049705139006
24150,783.0,47.3,36217.0,18370.0,144.0,18.39080459770115
24176,1723.0,41.9,47115.0,25296.0,387.0,22.460824143934996
24216,2891.0,36.2,29091.0,15730.0,793.0,27.4299550328606
24248,2512.0,48.1,25972.0,16303.0,749.0,29.81687898089172
24265,998.0,46.4,39213.0,21677.0,155.0,15.531062124248496
24270,582.0,50.9,27083.0,17071.0,53.0,9.106529209621993
24290,2469.0,44.2,37279.0,20226.0,465.0,18.833535844471445
24328,1607.0,47.5,47177.0,28436.0,48.0,2.9869321717485997
24374,1012.0,45.6,40140.0,15419.0,136.0,13.438735177865613
24375,1569.0,43.9,40030.0,18047.0,342.0,21.797323135755256
24430,4617.0,39.1,28427.0,11034.0,527.0,11.41433831492311
23602,39925.0,36.7,61343.0,30030.0,4166.0,10.434564809016907
23608,43612.0,31.3,55319.0,24280.0,5380.0,12.336054296982482
23666,49434.0,35.9,55415.0,27662.0,5676.0,11.481975967957275
23824,7730.0,43.9,36509.0,21772.0,1047.0,13.54463130659767
23834,25887.0,39.7,54548.0,27787.0,2411.0,9.313555066249469
23843,514.0,58.4,34438.0,20705.0,148.0,28.79377431906615
23866,2189.0,44.2,53281.0,27671.0,215.0,9.821836455002284
23872,2263.0,43.4,40351.0,26898.0,428.0,18.912947414935925
22643,84.0,64.1,79412.0,62451.0,0.0,0.0
22624,2766.0,40.6,61771.0,28575.0,337.0,12.183658712942878
22627,469.0,58.8,74881.0,65065.0,15.0,3.1982942430703623
22644,2484.0,43.0,57609.0,26857.0,248.0,9.98389694041868
22701,32200.0,36.3,59808.0,28317.0,3610.0,11.211180124223603
22718,497.0,50.6,68673.0,29268.0,50.0,10.060362173038229
22720,1083.0,50.1,74708.0,33758.0,22.0,2.0313942751615883
22731,78.0,25.6,-666666666.0,19290.0,0.0,0.0
22735,1690.0,39.8,66000.0,25259.0,176.0,10.414201183431953
24292,548.0,55.6,30536.0,18223.0,106.0,19.343065693430656
24473,743.0,56.1,37083.0,25873.0,14.0,1.8842530282637955
24237,1235.0,40.8,24545.0,15686.0,378.0,30.60728744939271
24483,1047.0,31.1,46250.0,13993.0,59.0,5.6351480420248325
24485,287.0,49.1,56818.0,23957.0,12.0,4.181184668989547
24503,19111.0,42.7,66161.0,39887.0,1117.0,5.844801423264089
24555,2506.0,41.6,49330.0,20724.0,308.0,12.29050279329609
24563,5335.0,44.6,40000.0,20867.0,720.0,13.495782567947517
24565,1129.0,46.3,34464.0,13178.0,217.0,19.22054915854739
24569,1111.0,49.2,38396.0,21403.0,134.0,12.061206120612061
24586,5949.0,43.1,43452.0,21789.0,733.0,12.321398554378888
24465,1282.0,59.5,51806.0,29229.0,109.0,8.502340093603744
24014,17022.0,44.4,44574.0,32789.0,2215.0,13.012571965691459
24064,4360.0,47.9,67091.0,29983.0,269.0,6.169724770642202
24065,6069.0,45.7,47414.0,25005.0,837.0,13.791398912506178
24085,2043.0,46.5,50107.0,23123.0,346.0,16.93587860988742
24086,231.0,32.0,26188.0,12218.0,93.0,40.25974025974026
24105,942.0,35.9,28914.0,13497.0,447.0,47.452229299363054
24018,37223.0,44.6,66374.0,37394.0,2377.0,6.38583671385971
24059,746.0,45.9,62589.0,39889.0,0.0,0.0
24072,1390.0,40.4,40565.0,18453.0,98.0,7.0503597122302155
24073,29311.0,36.6,51055.0,26819.0,3812.0,13.00535635085804
24088,5058.0,28.9,37482.0,15365.0,764.0,15.104784499802294
24102,1773.0,40.4,42125.0,18680.0,366.0,20.642978003384094
24121,9538.0,51.6,56387.0,33074.0,866.0,9.07947158733487
24124,4236.0,42.5,42623.0,20317.0,615.0,14.51841359773371
24131,31.0,-666666666.0,-666666666.0,,0.0,0.0
24138,1646.0,43.4,64125.0,23216.0,5.0,0.3037667071688943
24139,800.0,53.7,37174.0,17153.0,216.0,27.0
24142,2755.0,19.2,-666666666.0,4338.0,0.0,0.0
24162,1830.0,50.4,43533.0,25736.0,272.0,14.863387978142077
24179,18464.0,42.8,50819.0,25389.0,2262.0,12.250866551126517
24230,8813.0,41.0,32777.0,17210.0,2062.0,23.397254056507432
24053,2901.0,41.4,30365.0,14727.0,695.0,23.9572561185798
24077,1237.0,40.1,47321.0,25305.0,13.0,1.0509296685529508
24090,5138.0,45.4,67206.0,39781.0,406.0,7.901907356948229
24091,6426.0,45.5,46040.0,22608.0,697.0,10.846560846560847
24523,18761.0,46.2,42685.0,23521.0,2470.0,13.165609509088002
24531,9306.0,44.0,39863.0,20697.0,1124.0,12.078229099505695
24550,7698.0,39.9,51980.0,21418.0,1190.0,15.45856066510782
24557,7341.0,51.7,32490.0,21115.0,1198.0,16.319302547336875
24577,4945.0,45.5,37514.0,19319.0,953.0,19.271991911021235
24590,7877.0,39.1,51840.0,25723.0,1051.0,13.342643138250603
24598,1995.0,52.6,43380.0,23299.0,295.0,14.786967418546366
24602,1012.0,54.5,35598.0,16503.0,192.0,18.972332015810277
24603,1266.0,52.1,31701.0,22006.0,161.0,12.717219589257503
24622,858.0,47.2,24750.0,17294.0,239.0,27.855477855477854
24422,6694.0,46.4,39635.0,22744.0,1344.0,20.077681505826114
24093,199.0,47.4,52986.0,16920.0,28.0,14.07035175879397
24137,2893.0,46.3,54979.0,30491.0,336.0,11.61424127203595
24148,7685.0,47.1,40159.0,21112.0,1048.0,13.636955107351984
24202,13195.0,42.1,43996.0,27097.0,775.0,5.873436907919666
24433,99.0,67.5,37500.0,17170.0,7.0,7.070707070707071
24437,1159.0,52.3,96080.0,36286.0,28.0,2.4158757549611733
24445,2207.0,45.4,40697.0,30153.0,606.0,27.458087902129588
24450,16649.0,34.5,48708.0,22887.0,2251.0,13.520331551444531
24457,230.0,51.4,28922.0,15218.0,0.0,0.0
24486,3656.0,34.7,53750.0,22136.0,233.0,6.37308533916849
24472,1673.0,56.4,53729.0,28782.0,75.0,4.482964734010759
24484,1118.0,34.8,39211.0,19763.0,62.0,5.545617173524151
24520,1965.0,48.5,40804.0,30862.0,199.0,10.127226463104325
24528,3289.0,50.5,34835.0,19739.0,528.0,16.05351170568562
24551,21793.0,42.0,73776.0,32632.0,1057.0,4.850181250860368
24592,14529.0,42.8,32285.0,20422.0,3715.0,25.569550554064286
24609,7139.0,44.7,34947.0,19498.0,1318.0,18.461969463510297
24380,2928.0,37.2,51854.0,19768.0,272.0,9.289617486338798
24416,8674.0,38.2,36364.0,19467.0,1602.0,18.468987779571133
24426,14035.0,45.0,43756.0,23759.0,1824.0,12.996081225507659
23032,221.0,52.5,34118.0,22530.0,44.0,19.90950226244344
23337,358.0,53.3,32130.0,18089.0,57.0,15.921787709497206
23310,4564.0,45.5,36356.0,23017.0,1197.0,26.226993865030675
23356,969.0,54.1,50833.0,39570.0,119.0,12.280701754385966
23357,771.0,32.4,28776.0,12826.0,57.0,7.392996108949417
23358,17.0,-666666666.0,-666666666.0,,0.0,0.0
23413,937.0,50.3,46442.0,30607.0,47.0,5.016008537886873
23434,47846.0,38.0,54802.0,25170.0,7111.0,14.86226643815575
23231,35211.0,38.3,53705.0,26308.0,5371.0,15.253755928545058
23235,29522.0,43.6,67956.0,38191.0,2157.0,7.3064155545017275
23304,143.0,71.9,58773.0,33201.0,0.0,0.0
23306,933.0,48.5,53911.0,29781.0,76.0,8.145766345123258
23316,374.0,23.4,11146.0,7872.0,284.0,75.93582887700535
23320,53339.0,35.6,69475.0,32134.0,3712.0,6.959260578563527
23324,22441.0,30.1,36875.0,18525.0,4418.0,19.687179715698942
23354,276.0,25.4,108750.0,31161.0,10.0,3.6231884057971016
22736,872.0,34.7,83056.0,25722.0,24.0,2.7522935779816513
22742,2185.0,40.4,78796.0,40352.0,132.0,6.0411899313501145
22743,196.0,59.1,120764.0,39989.0,77.0,39.285714285714285
22713,1609.0,39.0,59796.0,25558.0,55.0,3.418272218769422
22812,9048.0,33.9,54048.0,25898.0,649.0,7.172855879752431
22936,4656.0,47.1,104850.0,41340.0,266.0,5.713058419243986
22939,5296.0,36.1,63977.0,28777.0,232.0,4.380664652567976
22958,1473.0,60.8,62596.0,45926.0,115.0,7.8071961982348945
23389,136.0,73.3,-666666666.0,13575.0,0.0,0.0
23114,18676.0,35.7,86763.0,36364.0,780.0,4.17648318697794
23160,3132.0,38.4,-666666666.0,3163.0,7.0,0.22349936143039592
23173,2268.0,20.5,-666666666.0,3216.0,0.0,0.0
23187,155.0,21.2,-666666666.0,3849.0,0.0,0.0
23238,25848.0,42.3,64927.0,42323.0,1982.0,7.667904673475704
23250,0.0,-666666666.0,-666666666.0,-666666666.0,0.0,
23313,117.0,54.4,38636.0,24603.0,43.0,36.75213675213675
23398,52.0,67.2,-666666666.0,76908.0,0.0,0.0
23408,38.0,71.2,-666666666.0,14716.0,17.0,44.73684210526316
23414,160.0,54.2,12159.0,12737.0,50.0,31.25
23422,206.0,62.9,42832.0,43181.0,0.0,0.0
23453,35707.0,31.8,66944.0,26232.0,2747.0,7.693169406558938
23460,829.0,21.9,-666666666.0,19173.0,0.0,0.0
23486,210.0,37.9,58512.0,15302.0,10.0,4.761904761904762
23511,8725.0,22.4,89000.0,25122.0,45.0,0.5157593123209169
23551,477.0,21.5,-666666666.0,22970.0,0.0,0.0
23709,64.0,20.5,-666666666.0,22231.0,0.0,0.0
23806,2061.0,19.6,-666666666.0,2761.0,0.0,0.0
23884,89.0,65.2,165234.0,41490.0,0.0,0.0
23891,2183.0,35.2,-666666666.0,4756.0,0.0,0.0
23909,2023.0,19.6,-666666666.0,3201.0,0.0,0.0
23875,10714.0,40.4,62416.0,27479.0,1164.0,10.864289714392385
23970,8326.0,46.1,42582.0,23116.0,1341.0,16.106173432620707
23454,62748.0,34.6,64721.0,33493.0,4624.0,7.369159176388092
23831,33130.0,38.5,66239.0,30510.0,2330.0,7.032900694234833
23937,2330.0,39.1,27803.0,14633.0,422.0,18.111587982832617
23040,4334.0,41.8,47261.0,22278.0,416.0,9.59852330410706
23071,1588.0,56.5,69167.0,43820.0,227.0,14.294710327455919
23156,1446.0,47.3,43400.0,26053.0,120.0,8.298755186721992
23002,11071.0,40.5,53193.0,24940.0,938.0,8.472586035588474
23322,61868.0,39.9,96091.0,34364.0,2428.0,3.9244843861123684
24084,11290.0,45.1,47428.0,24154.0,1082.0,9.5837023914969
24185,1573.0,29.9,44559.0,15864.0,63.0,4.005085823267642
24382,13810.0,46.0,40052.0,22877.0,2032.0,14.713975380159305
24058,387.0,65.4,58189.0,28347.0,0.0,0.0
24112,32773.0,45.1,32566.0,20194.0,6589.0,20.10496445244561
24175,9719.0,48.4,70671.0,33095.0,575.0,5.916246527420516
24280,693.0,49.7,45139.0,25540.0,138.0,19.913419913419915
24413,142.0,57.3,56429.0,31679.0,12.0,8.450704225352112
24474,501.0,50.4,30566.0,15957.0,35.0,6.986027944111776
24083,2277.0,46.4,91295.0,47678.0,15.0,0.6587615283267457
24578,866.0,48.8,47143.0,26195.0,38.0,4.387990762124711
24637,4070.0,41.5,53320.0,23270.0,311.0,7.641277641277641
24460,1501.0,51.7,65093.0,31483.0,110.0,7.328447701532312
24527,2924.0,44.0,49620.0,22262.0,302.0,10.328317373461012
22309,32207.0,36.6,81458.0,37930.0,2807.0,8.715496631167138
22314,29600.0,40.0,117037.0,79403.0,2809.0,9.489864864864865
22408,27405.0,34.9,84551.0,32200.0,1951.0,7.119138843276774
22433,215.0,52.3,81326.0,31740.0,35.0,16.27906976744186
22437,964.0,46.8,48750.0,22098.0,56.0,5.809128630705394
22488,1486.0,43.5,43942.0,26946.0,146.0,9.825033647375506
22554,52564.0,33.7,103818.0,37370.0,2468.0,4.695228673616924
22601,28401.0,35.3,44572.0,25754.0,5314.0,18.710608781380937
22931,288.0,58.6,64550.0,53156.0,39.0,13.541666666666666
22943,298.0,54.8,63250.0,28103.0,65.0,21.812080536912752
22948,182.0,56.8,97841.0,39504.0,0.0,0.0
22963,14936.0,42.1,71723.0,34752.0,826.0,5.530262453133369
22972,250.0,49.2,31016.0,33086.0,45.0,18.0
22711,10.0,-666666666.0,-666666666.0,,0.0,0.0
22722,345.0,43.2,73313.0,34678.0,18.0,5.217391304347826
22815,8251.0,37.5,51949.0,28713.0,757.0,9.174645497515453
22820,161.0,65.3,29250.0,16509.0,15.0,9.316770186335404
22830,1944.0,43.1,47936.0,20087.0,291.0,14.969135802469136
22832,1293.0,44.5,56169.0,27402.0,125.0,9.667440061871616
22835,11374.0,45.5,44817.0,25388.0,1369.0,12.036222964656233
22844,4358.0,46.0,41984.0,25040.0,597.0,13.69894446994034
22849,4730.0,43.1,45833.0,23601.0,397.0,8.39323467230444
22968,10353.0,40.4,70139.0,27952.0,1219.0,11.774364918381146
22303,13144.0,37.0,83281.0,48039.0,914.0,6.9537431527693245
22307,10272.0,41.8,103143.0,61723.0,333.0,3.241822429906542
22427,3702.0,31.5,42232.0,20651.0,447.0,12.07455429497569
22460,1568.0,46.5,43229.0,26317.0,202.0,12.88265306122449
22503,4372.0,52.0,55611.0,29641.0,397.0,9.080512351326623
22508,13767.0,44.0,73876.0,33759.0,1308.0,9.50098060579647
22578,2096.0,58.8,55078.0,40838.0,136.0,6.488549618320611
22603,13678.0,45.7,56944.0,31055.0,960.0,7.018569966369352
22630,31009.0,40.0,60977.0,29163.0,2762.0,8.907091489567545
22645,3638.0,44.8,50202.0,29258.0,453.0,12.451896646509072
22657,10508.0,41.7,54238.0,27214.0,954.0,9.078797106966121
22664,9095.0,42.1,43951.0,21917.0,1777.0,19.53820780648708
22715,1723.0,47.4,99926.0,31217.0,47.0,2.727800348229832
22719,472.0,55.3,33969.0,18457.0,79.0,16.73728813559322
22726,607.0,33.9,40066.0,21257.0,210.0,34.59637561779242
22727,4683.0,45.5,52453.0,24853.0,430.0,9.18214819560111
22730,43.0,73.3,-666666666.0,20533.0,0.0,0.0
22716,1119.0,45.9,55200.0,31227.0,160.0,14.298480786416443
22732,348.0,32.5,71429.0,21909.0,0.0,0.0
22734,3717.0,31.0,67125.0,22482.0,233.0,6.268496099004573
22810,690.0,60.8,41442.0,26017.0,0.0,0.0
22821,5894.0,38.4,49945.0,23914.0,566.0,9.602986087546658
22850,839.0,40.7,50341.0,20827.0,157.0,18.71275327771156
22851,6157.0,41.1,34889.0,17163.0,1472.0,23.907747279519246
22901,32149.0,40.4,58566.0,38133.0,3276.0,10.1900525677315
22903,39607.0,26.6,47192.0,30440.0,10291.0,25.982780821571943
22015,44657.0,38.5,120575.0,46393.0,1713.0,3.8359047853639967
22031,31329.0,35.3,106728.0,47975.0,1820.0,5.809314054071308
22448,826.0,23.0,52143.0,21625.0,32.0,3.87409200968523
22476,633.0,41.9,54265.0,19775.0,44.0,6.9510268562401265
22529,434.0,56.9,33096.0,18973.0,163.0,37.55760368663594
22542,1335.0,42.2,71615.0,29173.0,123.0,9.213483146067416
22620,2350.0,48.2,87353.0,39951.0,125.0,5.319148936170213
22625,4414.0,33.0,74458.0,27516.0,443.0,10.036248300860898
22637,1619.0,53.4,69607.0,33573.0,55.0,3.39715873996294
22650,1256.0,37.8,54487.0,19709.0,247.0,19.6656050955414
22655,19449.0,35.9,76113.0,30700.0,1088.0,5.594117949508973
22548,57.0,58.5,-666666666.0,58465.0,0.0,0.0
22514,2451.0,44.6,49271.0,23579.0,239.0,9.751121991024071
22534,2961.0,33.4,58854.0,20248.0,284.0,9.591354272205336
22535,362.0,52.3,51100.0,38654.0,54.0,14.917127071823204
22640,845.0,49.0,57949.0,26230.0,68.0,8.04733727810651
22642,3912.0,37.1,76198.0,28685.0,415.0,10.60838445807771
22652,1263.0,49.6,64432.0,30271.0,83.0,6.571654790182106
22660,1984.0,37.0,57813.0,25441.0,61.0,3.0745967741935485
22728,3193.0,41.4,96667.0,36281.0,175.0,5.4807391168180395
22733,1496.0,40.1,59097.0,27533.0,0.0,0.0
22737,3313.0,39.5,75585.0,26488.0,249.0,7.515846664654392
22811,426.0,50.3,32262.0,23584.0,58.0,13.615023474178404
22824,5865.0,46.2,52805.0,27933.0,432.0,7.365728900255754
22831,946.0,37.9,54116.0,23877.0,55.0,5.813953488372093
22840,5191.0,36.1,70395.0,40026.0,140.0,2.6969755345790793
22842,5330.0,42.0,44769.0,22533.0,793.0,14.878048780487806
22845,0.0,-666666666.0,-666666666.0,-666666666.0,0.0,
22853,4572.0,44.1,43598.0,21226.0,769.0,16.819772528433944
22902,21276.0,35.5,51824.0,33254.0,3547.0,16.671366798270352
22911,17490.0,39.6,76385.0,38730.0,779.0,4.453973699256718
22923,4094.0,39.8,70871.0,32673.0,374.0,9.135319980459208
22947,4005.0,53.0,86513.0,56430.0,202.0,5.043695380774032
22959,1311.0,52.5,55822.0,61922.0,196.0,14.950419527078566
22980,31706.0,41.9,47970.0,24183.0,5190.0,16.369141487415632
22039,18676.0,46.8,196637.0,74250.0,303.0,1.6224030841721997
22060,9757.0,26.9,78506.0,28960.0,298.0,3.054217484882648
22124,18249.0,41.6,156912.0,71575.0,375.0,2.0549071181982574
22134,9072.0,22.6,58461.0,22398.0,247.0,2.722663139329806
22304,46148.0,34.8,76061.0,46903.0,3282.0,7.111900840773164
22310,28712.0,40.1,108482.0,50492.0,1252.0,4.360546113123433
22315,27231.0,36.2,128008.0,55764.0,657.0,2.41269141786934
22432,424.0,31.9,44038.0,17186.0,25.0,5.89622641509434
22480,945.0,75.8,55950.0,40180.0,31.0,3.2804232804232805
22520,5541.0,45.1,59148.0,27954.0,693.0,12.506767731456415
22576,1674.0,54.1,43808.0,26420.0,268.0,16.009557945041816
22602,28282.0,38.0,72388.0,30845.0,1627.0,5.7527756170002124
24502,44647.0,28.2,44340.0,20517.0,8212.0,18.393173113535063
24558,6721.0,42.1,41639.0,22612.0,982.0,14.610920993899716
24562,328.0,49.7,51932.0,29012.0,0.0,0.0
24572,15878.0,42.2,44468.0,22976.0,1565.0,9.856405088802116
24580,626.0,36.7,52143.0,15150.0,79.0,12.619808306709265
24581,0.0,-666666666.0,-666666666.0,-666666666.0,0.0,
24651,6026.0,47.4,33160.0,26725.0,910.0,15.101228011948225
24095,4148.0,45.2,52000.0,27011.0,422.0,10.17357762777242
24439,1396.0,50.4,23056.0,14716.0,378.0,27.077363896848137
24538,4729.0,46.9,55569.0,27329.0,661.0,13.97758511313174
24540,31276.0,43.8,36513.0,20249.0,6703.0,21.431768768384703
24541,28901.0,41.8,32931.0,21264.0,7124.0,24.649666101518978
24554,3637.0,38.3,43426.0,20138.0,538.0,14.792411328017597
24574,3866.0,44.0,47955.0,23250.0,538.0,13.916192446973616
24588,8792.0,45.6,45944.0,24255.0,1123.0,12.772975432211101
24593,2047.0,31.8,65242.0,24114.0,471.0,23.009281875915974
24594,1389.0,48.3,35305.0,19986.0,273.0,19.65442764578834
24620,3439.0,32.4,16678.0,10827.0,1981.0,57.60395463797616
24630,7466.0,38.2,33707.0,19346.0,1557.0,20.85454058398071
24464,263.0,51.3,46438.0,23650.0,14.0,5.32319391634981
24477,9933.0,43.4,53440.0,24613.0,779.0,7.842545051847377
24479,1234.0,42.5,51449.0,26193.0,67.0,5.429497568881685
24482,4230.0,44.5,44784.0,22368.0,802.0,18.95981087470449
24487,321.0,43.3,43036.0,16551.0,34.0,10.59190031152648
24016,8847.0,35.8,24044.0,17172.0,3218.0,36.37391206058551
24017,23651.0,36.0,34030.0,17238.0,6393.0,27.03056953194368
24060,53541.0,22.6,39477.0,21795.0,15780.0,29.472740516613438
24078,7832.0,38.9,37741.0,22759.0,1086.0,13.866189989785495
24104,3727.0,53.1,58555.0,29660.0,502.0,13.46927823987121
24136,3588.0,42.9,47435.0,22885.0,312.0,8.695652173913043
24149,3493.0,36.7,70097.0,27545.0,345.0,9.876896650443745
24153,36526.0,42.2,52924.0,28314.0,3201.0,8.763620434758803
24184,4505.0,50.1,49688.0,24284.0,515.0,11.431742508324085
24201,16755.0,41.9,31977.0,18873.0,3602.0,21.49806028051328
24220,615.0,39.9,46923.0,22993.0,54.0,8.78048780487805
24271,2559.0,43.8,36815.0,20736.0,503.0,19.656115670183667
24282,587.0,50.1,24716.0,14288.0,177.0,30.153321976149915
24315,3926.0,42.1,37054.0,14930.0,618.0,15.741212429954151
24281,2691.0,37.6,22902.0,15557.0,998.0,37.08658491267187
24322,216.0,59.2,17470.0,19838.0,10.0,4.62962962962963
24340,5431.0,40.5,38735.0,21257.0,865.0,15.92708525133493
24350,898.0,44.3,26786.0,15609.0,274.0,30.51224944320713
24351,630.0,45.3,24757.0,18176.0,84.0,13.333333333333334
24360,6497.0,42.4,47132.0,26520.0,701.0,10.789595197783592
24440,2762.0,44.8,45861.0,19977.0,366.0,13.25126719768284
24293,10352.0,36.3,45880.0,23720.0,1539.0,14.866692426584235
24333,17947.0,45.3,31489.0,20636.0,3551.0,19.786036663509222
24504,10818.0,35.0,28300.0,16162.0,2759.0,25.503789979663523
24517,5535.0,45.5,36422.0,23816.0,1092.0,19.7289972899729
24522,9625.0,45.1,49466.0,23985.0,1531.0,15.906493506493506
24529,1320.0,49.2,34866.0,21473.0,205.0,15.530303030303031
24549,4682.0,39.3,42473.0,20969.0,706.0,15.079026057240496
24553,2490.0,35.2,41285.0,20101.0,454.0,18.23293172690763
